driverId,name,ssn,location,certified,wage-plan
10,Jennifer Roberts,687-33-4805,"163 Stephen Radial Suite 096
East Erinside, MP 52099",Y,miles
11,Angela Krueger,540-34-0743,"85717 Nicole Mills Suite 242
New Phyllis, IL 34355",N,miles
12,Ashley Mitchell,506-26-3415,"834 Merritt Mews Apt. 304
North Dean, CA 98117",Y,hours
13,Kevin Harper,399-33-0785,"55760 Kevin Valleys Apt. 034
Hoffmanport, WV 14033",N,hours
14,Angela Washington,775-51-0661,"Unit 5490 Box 9464
DPO AE 19892",N,miles
15,Andrew Wright,832-11-0834,"992 Lauren Via
Lake Michelle, MN 20709",Y,miles
16,Linda Little,074-99-9262,"01260 Joseph Shores Apt. 490
Lawrenceburgh, RI 43246",Y,miles
17,Michael Griffin,704-88-2098,"81059 Thomas Throughway
North William, MI 41352",N,miles
18,Chelsea Nunez,263-02-6700,"905 Estes Passage Apt. 800
North Stacyborough, NE 62195",N,hours
19,Danny Gardner,876-26-0701,"Unit 5682 Box 7148
DPO AP 49696",N,hours
20,Shelly Durham,095-22-0721,"019 Kelly Valleys
North Marco, HI 06712",N,miles
21,Brandon Newman,585-78-9414,"337 Davis Stream
South Lisashire, KS 51521",Y,miles
22,James Flores,707-47-6924,"74819 Eaton Pike
Baileyburgh, NC 36186",Y,miles
23,Alyssa Clark,732-24-0448,"551 Angela Fords
Tiffanytown, VA 88034",N,hours
24,Stephanie Martinez,481-58-7107,"420 Matthew Rest Apt. 365
Port Mariomouth, NV 21591",Y,hours
25,Kenneth Hicks,082-16-8070,"552 Lee Centers Suite 628
East Alexanderview, MN 48658",N,hours
26,Thomas Harris,113-43-9337,"0698 Rowe Run Apt. 718
Abigailshire, MN 46080",Y,miles
27,Jerome Harris,177-88-9280,"0048 Lucas Isle
Lake Madison, IL 88645",Y,hours
28,Margaret Warren,753-92-3340,"554 Carly Wall
Port Jasonbury, MA 05692",N,hours
29,Jade Russell,371-62-0349,"2926 Stephens Views
Lake Dalton, PW 54149",Y,hours
30,Allison Watson,523-05-8062,"6290 Garcia Inlet Apt. 878
Lake Vanessa, CT 84291",N,hours
31,Colleen West,285-67-1281,"976 Tyler Cliffs Apt. 945
Duncanstad, UT 01783",Y,miles
32,Victoria Reeves,783-66-3220,"5221 Thompson Squares Suite 324
Kathryntown, DE 66095",N,hours
33,Melissa Long,151-27-6343,"Unit 3504 Box 2187
DPO AA 82611",Y,hours
34,Brenda Washington,275-12-8133,"83833 Martinez Port
Allenmouth, DC 92744",Y,hours
35,Stephen Hicks,488-80-6777,"35668 Madeline Isle
Adamtown, NH 73394",Y,hours
36,Julie Garza,808-55-4400,"8070 Morgan Views
Boydberg, MT 99231",Y,hours
37,Michael Smith,357-44-9562,"11645 Laura Common Suite 177
Michaelland, NH 66459",Y,miles
38,Lori Oconnell,675-55-4433,"187 Ashley Springs
Cruzport, IA 22001",Y,miles
39,Jaime Forbes,488-84-9073,"581 Roberson Port
Charlotteshire, MH 57507",Y,miles
40,Nancy Moore,888-05-1863,"PSC 4118, Box 5144
APO AA 64729",Y,hours
41,Casey Rodriguez,373-63-3978,"51944 Bell Loop
Thomasstad, UT 06265",Y,miles
42,Ryan Brown,355-34-1090,"9270 Amy Mountain
Millsport, VA 36712",Y,hours
43,Alex Evans,596-10-3921,"0367 Ann Cliff Apt. 979
New Lisa, MT 43156",Y,hours
44,Lisa Brown DVM,755-27-8249,"9505 Julia Crossroad Suite 102
Tanyastad, AR 83521",N,hours
45,Kevin Montgomery,177-93-0472,"818 Griffin Mount
Scotttown, NC 61702",N,hours
46,Melissa Floyd,652-78-7648,"86147 Willis Shores
Lake John, ID 51526",Y,miles
47,Jose Mccullough,187-97-8202,"PSC 0818, Box 7833
APO AA 53185",N,miles
48,Lucas Fletcher,729-63-0454,"10896 York Creek
Lake Matthew, AZ 03180",Y,hours
49,Pamela Burton,394-34-5866,"059 Andrea Parkway Suite 867
North Michaelview, ME 95351",N,miles
50,Jason Snyder,844-11-9839,"1872 Martinez Mountains Apt. 701
South Heatherberg, GU 99258",Y,miles
51,Emily Pratt,576-66-6271,"8776 Amanda Isle
New Frankside, NE 03161",Y,hours
52,Angel Palmer,777-02-9114,"0702 Bonnie Square Apt. 706
Marytown, PR 56144",N,miles
53,Denise Barrett,584-27-8188,"227 Dickerson Hills
Adamsville, AS 44470",N,hours
54,Stephanie Jones,186-23-4863,"9312 Matthew Wells
Port Christinaside, FL 34968",Y,miles
55,Cynthia Rivera,581-96-7697,"4083 Miller Mission
Port Bailey, VT 20117",N,miles
56,Kevin Stephenson,088-20-2662,"8961 Morgan Rapids
Olsonton, IL 03318",N,hours
57,Angela Mcpherson,612-48-7773,"05790 Lang Estates Suite 115
Danielleview, VI 55779",Y,hours
58,Lance Marshall,412-09-2974,"Unit 5807 Box 1775
DPO AP 68287",Y,miles
59,Michelle Delgado,087-94-5158,"33506 Nicholas Pine
Lake Marissafurt, MI 74242",Y,miles
60,Zachary Carroll,476-25-0462,"840 Joshua Common Suite 276
Petersonberg, AL 61953",N,miles
61,Dylan White,466-45-1237,"1989 Parrish Bypass
Port Jerryland, DC 06743",Y,miles
62,Andrew Smith,840-64-2633,"044 Margaret Divide
Munozmouth, PR 97769",N,hours
63,Jamie Adams,543-20-4964,"PSC 3665, Box 9658
APO AE 51909",Y,miles
64,Micheal Levine,518-42-7877,"7647 Bryan Islands
New Richardport, CT 27848",N,hours
65,Tamara Smith,684-51-6432,"382 Lisa Fall Apt. 917
New Sarahland, AL 84167",N,hours
66,Joe Smith,749-16-1970,"676 Ingram Port Suite 613
Fosterhaven, MT 94320",N,miles
67,Brianna Campos,480-91-8951,"50773 Alexandra Village
Davisview, SC 20186",Y,miles
68,Diana Nelson,785-45-7353,"466 Graves Court Suite 317
Emilymouth, ND 25300",N,miles
69,Mathew Campbell,026-32-0262,"7008 Jeffrey Courts
South Brianton, PR 33055",Y,miles
70,Jason Smith,727-09-4137,"PSC 5044, Box 8980
APO AA 70333",Y,hours
71,Michael Everett,148-12-4146,"PSC 0372, Box 8994
APO AE 97425",N,miles
72,Danielle Huber,839-24-4877,"728 Vanessa Green Apt. 803
Delgadohaven, OR 65390",N,hours
73,Michelle Castillo,512-17-8261,"468 Wiggins Summit
Chelseashire, NE 35526",Y,hours
74,Angela Lopez,056-90-9797,"421 Mcgee Ford
Port Lacey, DE 33489",Y,miles
75,Danny Luna,334-17-0809,"059 Jessica Shore Suite 626
South Annette, HI 75219",Y,miles
76,Jerry Phillips,429-07-5225,"9829 Turner Trail Apt. 400
Port Jamesview, DE 94444",Y,hours
77,Brian Spencer,350-02-0772,"4220 Margaret Springs
East Jeanne, PR 82440",N,hours
78,Willie Bennett,517-92-8546,"97946 Jeffrey Street Apt. 796
Lopezview, NE 83950",N,hours
79,Michael Horton,542-43-0119,"423 Lutz Hollow Apt. 440
Leemouth, FM 00765",N,miles
80,Carla Kramer,322-01-3819,"79171 Amber Creek Apt. 141
Hughesborough, MI 94911",N,miles
81,Brandi Wade,382-82-5661,"5804 Martinez Square Suite 490
Yatesport, NE 70951",N,hours
82,Jason Thomas,557-75-6356,"6513 Vincent Green
Lake Morgan, NC 80569",Y,miles
83,Thomas Johnson,567-13-3102,"9412 Jeffrey Radial Suite 617
Jensenborough, MN 22940",Y,hours
84,Marcus Nunez,531-27-9827,"014 Vargas Square
Stephenschester, UT 15967",N,hours
85,Robert Hart,824-02-1022,"863 Hart Lodge
North Jennychester, DE 62405",Y,hours
86,Amy Perez,367-57-2039,"PSC 4531, Box 8438
APO AP 53974",Y,miles
87,Janet White,553-56-7663,"33275 Craig Fork
Alexandriatown, MD 24038",Y,miles
88,Justin Mcbride,009-78-5151,"178 Peter Fork
Brownview, VA 25891",N,hours
89,Hannah Brown,566-47-1027,"6230 Ford Avenue
Edwardhaven, SD 44287",N,hours
90,Robert Farley,246-14-2447,"540 Cole Springs
Coxville, NH 18468",N,hours
91,Robert Mcpherson,245-57-9660,"947 Smith Shores Suite 929
Jamieborough, VI 06676",Y,hours
92,Devin Braun,379-43-8443,"USCGC Garza
FPO AA 45921",Y,miles
93,Joseph Martin,254-67-8302,"76135 Emily Points
Monicastad, AS 24103",N,miles
94,Donna Schmidt,794-10-2029,"3965 Vanessa Course Apt. 628
Meghanmouth, UT 06161",Y,hours
95,Tony Jones,038-07-0265,"646 Martin Orchard
Shannonfort, NC 95428",N,miles
96,Raymond Lara,845-36-7760,"USNV Butler
FPO AA 74764",N,miles
97,Brittany Patel,577-20-1513,"4217 Hughes Mountains Suite 976
Port Candicemouth, NM 90154",Y,miles
98,Brian Griffin,522-77-1159,"076 Christine Via
West James, CA 63763",Y,miles
99,Amanda Berger,774-67-5206,"21967 Amy Wells Apt. 741
North Thomas, UT 35935",Y,hours
100,William Moses,316-32-4718,"3661 Ashley Villages Apt. 474
Port Wesley, MT 28848",N,miles
101,Jeremy Espinoza,196-09-6886,"816 Young Union
Whiteside, IA 86088",Y,miles
102,Kim Velez,543-76-6205,"71496 Neal Stravenue
West Susan, ND 38011",Y,miles
103,Stefanie Donovan,144-55-4528,"Unit 5226 Box 4587
DPO AE 29586",Y,hours
104,Douglas Lee MD,516-39-4666,"24102 Christina Circle
Lake Alyssa, MI 91642",N,hours
105,Sharon Gould,879-87-2622,"170 Miller Wall Suite 075
Donnaport, GU 13762",Y,hours
106,Brenda Gilmore,870-02-4008,"798 Heather Inlet Apt. 465
Castilloborough, AK 50823",N,hours
107,Christopher Sullivan,586-58-0076,"165 Leslie Overpass
Lake Nicolemouth, MS 49367",N,miles
108,Rebecca Espinoza,003-13-4592,"8257 Matthew Mews
Port Juliefurt, CO 21471",N,miles
109,Mr. Jesus Holden,639-44-6636,"69424 Hall Ramp
Tanyachester, TX 81860",N,miles
110,Anthony Scott,764-13-7348,"43515 Olivia Avenue
New Ronnieview, CO 86230",N,miles
111,Amanda Shaffer,809-69-2435,"USNS Smith
FPO AA 69130",Y,hours
112,Beverly Pruitt,849-77-7220,"96971 Ward Street
North Ericahaven, VT 12305",N,hours
113,Emily Lee,386-15-5411,"70354 Andrews Drives Apt. 521
Lake Tara, VI 72749",N,miles
114,Nicholas Miranda,127-33-3765,"682 Robert Junction Suite 513
Waltonstad, IA 36479",N,miles
115,Andre Campbell,308-08-7549,"8762 William Plains Apt. 318
Port Dawn, GA 96836",N,hours
116,Nicole Castaneda,875-42-2688,"6992 Marilyn Prairie Apt. 781
Hernandezburgh, GU 57311",N,miles
117,Dr. Melissa Carlson,183-68-4236,"25112 Tamara Pike Suite 078
Ashleyland, FL 11537",N,miles
118,Katie Leonard,095-06-3207,"495 Robinson Camp
New Williamberg, VI 03005",Y,miles
119,Harold Rosales,420-40-4101,"577 Amber Plains
Lake Glennchester, HI 58550",N,miles
120,Daniel Newton,305-39-7174,"8388 Perry Ports Apt. 679
Neilburgh, NY 60590",N,hours
121,Michael Jackson,104-97-8449,"USNV Simpson
FPO AA 31658",Y,hours
122,Raymond Herrera,715-17-8466,"645 Ochoa Underpass Suite 428
North Mia, FM 39033",N,hours
123,Jason Brown,402-95-5620,"PSC 5718, Box 0628
APO AA 96810",N,miles
124,Craig Hood,863-36-7147,"894 Cynthia Trail Suite 686
North Emilyport, MT 94770",Y,hours
125,Jacob Forbes,253-65-6243,"17712 Jason Point Suite 259
Lake Ricky, AL 44447",Y,hours
126,Jessica Johnson,759-49-7267,"98677 Marshall Ranch
Laurenbury, WI 11345",N,hours
127,Catherine Ali,282-95-9515,"504 Pena Unions
West Lauraside, NE 01383",Y,hours
128,Shawn Ramos,218-37-0287,"9137 Sharp Ways
East Catherine, IL 09739",Y,miles
129,Andrew Andrews,177-52-3214,"4104 Cowan Knolls Apt. 476
Englishville, ND 29816",N,miles
130,Susan Matthews,284-11-4671,"2233 Wright Streets
Port Frankstad, UT 47298",Y,hours
131,Christopher Scott,594-49-5945,"2013 Mccarthy Street Suite 397
South Mackenzie, NE 28301",Y,miles
132,Haley Brown,034-35-9169,"579 Jade Avenue
Port Michaelview, UT 33371",N,hours
133,Cindy Johnson,881-03-4738,"7399 George Summit Apt. 418
Emilyburgh, VI 34829",Y,miles
134,Connie Johnston,286-49-8259,"145 Jennings Hill
South Franciscoview, RI 72352",Y,miles
135,Anna Patel,610-17-9790,"Unit 2905 Box 3705
DPO AE 79489",Y,hours
136,Joshua Decker,117-25-3623,"85555 Swanson Isle Suite 199
North Kristen, CT 73337",Y,miles
137,David Spears,679-88-1638,"7150 Elaine Club
Lake Jackfort, FM 72092",Y,miles
138,April Mercer,794-51-8811,"9019 Katherine Shoal
North Antonio, OH 06189",N,miles
139,William Thompson,085-37-1794,"70053 Scott Mountain Apt. 635
Brayport, IL 72309",Y,miles
140,Jennifer Green,181-68-3080,"1616 Felicia Alley Apt. 028
East Cindyfort, LA 45396",N,hours
141,David Butler,470-17-2733,"015 Alexander Crossing Apt. 947
Rhondabury, MI 66495",N,hours
142,Melody Barrera,348-06-9530,"496 Michaela Street Suite 750
Eatonland, AR 73799",Y,hours
143,Jill Clark,426-31-6874,"5744 Kyle Radial Suite 257
South Kristen, HI 95303",Y,miles
144,Maria Walker,667-09-6811,"9846 Edward Brooks Suite 711
Tuckerchester, NV 23182",Y,hours
145,Debra Foster,015-67-8230,"USCGC Cobb
FPO AE 50378",Y,miles
146,Erik Robertson,065-63-3160,"USS Hernandez
FPO AP 77675",Y,miles
147,Carl Benson,448-06-2986,"404 Navarro Turnpike Apt. 729
Coletown, DE 06630",Y,miles
148,Jamie Gomez,334-37-1035,"943 Lam Vista
South Amy, MD 80911",N,miles
149,Michael Powell,699-61-6774,"52660 Michael Parks Apt. 215
Joyhaven, GA 85088",N,hours
150,Jennifer Cunningham,419-70-6268,"9978 Frances Plain Apt. 851
Lake Ruth, AR 46766",Y,hours
151,Kimberly Hamilton,550-10-4109,"954 Sheila Mall
Heathermouth, FM 07443",N,miles
152,Alan Gordon,746-13-9941,"96830 Williams Glen
New Denise, OR 67915",Y,hours
153,Elaine Kaiser,276-05-5312,"Unit 1012 Box 6997
DPO AP 71058",Y,miles
154,Tammy Conner,672-78-5528,"348 Navarro Villages
Lake Aaron, NH 68559",Y,hours
155,William Ferguson,115-47-6920,"04074 Flores Ridges Apt. 813
New Brycebury, MH 04340",Y,miles
156,Martin Copeland,384-95-9317,"168 Nicole Terrace Suite 201
Andreaville, WA 57551",Y,hours
157,Timothy Hickman,560-18-5243,"23096 Davis Crossing
Millerhaven, UT 86129",Y,hours
158,Mrs. Kelly Bradley MD,456-56-4555,"16856 Jeremy Estates Apt. 399
Port William, FL 12043",N,hours
159,David Cole,192-30-2697,"580 Mcfarland Estates
South Anthony, MP 22338",N,hours
160,Anthony Harris,153-24-2762,"74004 Nicole Bridge Apt. 417
East Theresa, MI 77126",N,hours
161,Connie Ortiz,878-83-9129,"602 Ellen Trail Suite 768
Robertview, CO 74796",Y,miles
162,Kayla Levy,898-26-8919,"5288 Mccarthy Forks Apt. 741
Lake Haydenberg, WA 06208",Y,hours
163,Brian Smith,336-31-7822,"946 Bennett River
West Jasmine, KY 26944",Y,miles
164,Nicole West,162-72-3300,"92351 Chapman Drives Suite 896
East Jasonshire, SC 96427",Y,miles
165,Jennifer Mills,056-17-1398,"506 Hanson Field Suite 407
Lewisstad, IL 33781",N,hours
166,Juan Bailey,403-53-8504,"493 Wilkinson Squares Apt. 473
Williamschester, NC 94736",Y,miles
167,Dawn Stewart,477-13-9977,"8450 Price Groves
Allenview, OK 16634",N,miles
168,Kimberly Reed,137-90-7197,"00376 Anthony Port Suite 044
Charlotteburgh, VA 44688",N,hours
169,Amy Ballard,467-21-7856,"98531 David Harbors
Lake Alanfurt, GU 05054",Y,hours
170,Benjamin Cox,439-78-5641,"88474 Todd Keys
Port Nicoleport, VA 19254",N,hours
171,Kayla Jones,364-90-5126,"233 Melanie Junctions Suite 173
Mcbrideburgh, IA 33408",Y,miles
172,Thomas Abbott,651-11-5127,"0741 Gwendolyn Roads
South Ronald, AL 74290",N,miles
173,Scott Rivera,099-48-5416,"9210 William Centers Suite 498
Port Aaron, TN 14083",Y,miles
174,Cesar Jensen,651-03-2757,"35787 May Ville Suite 764
Matthewton, WY 40543",N,miles
175,Leslie Dalton,338-30-0227,"999 Samantha Pines Apt. 438
North Catherineport, MS 87221",N,hours
176,Darren Melendez,529-15-5087,"5915 Anna Centers
Turnerport, MA 50646",Y,miles
177,Jeffrey Maxwell,141-66-1643,"762 James Gateway Suite 211
Angelahaven, MH 66305",Y,miles
178,Gregory Jackson,054-34-0028,"Unit 6375 Box 4626
DPO AA 19645",N,hours
179,Courtney Sanchez,886-81-0436,"429 Curtis Spurs
Franciscoland, IN 43418",Y,hours
180,Amanda Robbins,243-51-3135,"700 Merritt Neck Apt. 137
Marcmouth, VT 70339",Y,hours
181,Michelle Stewart,127-22-6280,"6288 Nixon Parkway
North Maryberg, CT 51178",N,miles
182,Christopher Brady,314-83-8728,"770 Kim Brook Suite 948
Port Meghan, VI 38727",N,hours
183,Linda Thomas,879-88-5481,"5899 Quinn Mountain
North Jennifer, MA 64167",N,miles
184,Steven Peck,303-67-2903,"06707 Lewis Path Apt. 411
East Christopher, LA 67743",Y,hours
185,Cameron Winters,665-34-3558,"043 Deleon Hollow
Ianland, MH 26620",N,hours
186,Mr. John Johnson,834-15-8539,"4534 Johnson Walk
Hubbardland, GA 06165",N,miles
187,Madison Patel,265-20-0471,"85129 Perez Cliff
New Perryburgh, AL 30034",Y,miles
188,Mark Clark,149-32-8937,"87047 Jeffery Parks
Jasonfurt, NE 07014",Y,hours
189,Michael Buck,898-71-9929,"1804 Chandler Cliffs Suite 557
Martineztown, IL 09202",N,miles
190,Hunter Perkins,710-87-3387,"415 Eaton Shores Apt. 775
South Johnville, MA 37915",Y,hours
191,Penny Martin,451-54-3287,"8595 Christine Circle Suite 862
West Tanyaland, NE 48769",N,miles
192,Jamie Welch,391-25-2305,"06069 Delgado Springs
West Ronald, MO 89169",Y,hours
193,Victoria Dunn,829-34-5818,"304 Leblanc Haven Suite 710
West Amandatown, VI 76675",Y,hours
194,Sheena West,210-39-0159,"103 Rodriguez Haven Suite 117
South Antoniofurt, MA 85145",N,hours
195,Daniel Castro,420-50-2000,"126 Boone Lights
Marybury, GA 59878",N,miles
196,Ann Cooper,197-24-1991,"793 Santiago Islands
Lake Jamesfurt, PA 10852",Y,miles
197,Kelly Horton,686-80-4799,"3495 Fernandez Loop Suite 155
Port Cindy, OR 80507",Y,miles
198,Deanna Maxwell,761-79-7286,"919 Diana Valleys Suite 372
South Jasmine, MT 40650",N,hours
199,Kelsey Jackson,041-48-0959,"5624 Hammond Port Suite 171
Staceystad, AZ 47014",Y,hours
200,Jimmy Clark,562-67-7179,"PSC 9779, Box 2441
APO AA 42117",N,hours
201,Kimberly Fisher,251-21-2813,"48384 Kimberly Union Apt. 844
Ryanborough, GU 66223",Y,hours
202,Ruben Becker,366-31-5348,"328 Larry Ramp
South Richard, UT 83130",N,miles
203,Becky Gibbs,346-80-8383,"Unit 5386 Box 1607
DPO AP 35863",Y,hours
204,Isabel White,731-84-8359,"7778 Reid Streets
Port Darrenfort, SD 14312",N,hours
205,Thomas Gonzalez,120-71-3338,"80796 Webster Forges
Lake Tamaraburgh, LA 77430",Y,miles
206,Andrea Hansen,327-49-9668,"84286 Martin Station
Lake Elizabeth, FM 48405",N,miles
207,Brian Rangel,643-62-4474,"17516 Christian Ways
Port Emilyborough, AK 64409",Y,hours
208,Christopher Jimenez,576-35-4411,"2517 Carol Manors
Jessicamouth, MP 63644",Y,hours
209,Bryan Cook,066-03-1667,"8385 Sheryl Island
West Michael, NJ 65110",Y,miles
210,Christopher Peters,016-45-4637,"6337 Janet Mission Suite 892
Lake Jillfurt, KS 02862",N,hours
211,Brian Thomas,178-88-5922,"USNV Young
FPO AE 55050",Y,hours
212,Kaitlin Ford,502-85-7818,"5735 David Port Suite 786
South Tinaburgh, NH 44734",N,hours
213,Bryan Hayes,841-13-7556,"712 Shields Turnpike Suite 473
Sarafurt, WY 34923",Y,miles
214,Patricia Oneill,510-24-3436,"5477 Daniel Mills Suite 916
West Anthonyview, NC 91239",Y,hours
215,Lori Hogan,120-69-3172,"1354 Garza Plains Apt. 570
West Ryanfort, MD 20899",Y,hours
216,Tamara Ortiz,161-15-3593,"2812 Atkins Hollow Apt. 961
North John, MI 28777",N,miles
217,George Merritt,356-15-0871,"USNV Smith
FPO AE 03598",N,hours
218,Lindsay Valdez,430-32-4415,"760 Bradley Villages Suite 723
West Michaelport, DE 65031",N,miles
219,Adam Forbes,179-18-4560,"PSC 2596, Box 8876
APO AA 92157",Y,hours
220,Katherine Gray,218-86-7375,"PSC 0553, Box 0875
APO AE 35365",Y,miles
221,Pam Jacobson,876-29-2200,"89092 Melissa Cliffs
Smithberg, NM 65926",Y,hours
222,Patricia Johnson,550-29-0872,"75149 Timothy Lights
Davidtown, MD 06909",N,hours
223,Veronica Wagner,692-65-4443,"9980 Stacy Rue Apt. 405
New Veronica, PA 28484",Y,hours
224,Megan Clark,288-15-0671,"490 Gonzalez Fort
Pamelabury, OH 43586",N,miles
225,Emily Nelson,594-67-3123,"27617 Miguel Common
South Kathleen, AZ 15695",Y,hours
226,Cody Lowery,453-49-6205,"964 Tracey Dam
Adamville, TN 67966",Y,hours
227,Wanda Rios,031-88-3926,"49570 Jose Shores
Brockmouth, NM 52006",N,hours
228,Misty Brown,788-04-2767,"80027 Gonzales Canyon
Fostermouth, OK 33455",N,miles
229,John Long,805-38-7180,"417 Zamora Radial
Marksberg, PW 51293",Y,hours
230,Craig Delgado,895-25-4762,"0016 Gilbert Track Apt. 801
Robertsborough, WI 77797",N,hours
231,Robert Lewis,383-14-0446,"PSC 5708, Box 7920
APO AP 25542",N,miles
232,Eric Prince,434-30-7877,"1449 Thompson Viaduct Apt. 275
East Teresaview, IL 79661",Y,hours
233,Jose Wilkins,610-11-6251,"02681 Charles Pines
Danielbury, NC 28245",N,miles
234,Alejandra Butler DVM,684-41-5736,"3292 Rebecca Junctions
South Nicoleville, CA 09525",Y,hours
235,Daniel Phillips,087-46-8911,"539 Hester Rest Apt. 595
West Michelle, TX 25462",N,miles
236,Christine Bray,067-44-7826,"Unit 3030 Box 8877
DPO AP 75438",Y,miles
237,Kyle Perry,730-20-8738,"56241 Dyer Vista Suite 478
Evansport, AR 56418",N,hours
238,Erik Thomas,302-75-7637,"9312 Felicia Mount Apt. 413
Danielfurt, WI 81738",Y,hours
239,Rachel Franklin,228-41-9943,"22160 John Underpass
West Ana, MN 48751",Y,hours
240,Dalton Thomas,501-68-9168,"USCGC May
FPO AA 34935",Y,miles
241,Brandon Farley,105-47-4860,"982 Johnson Circles
West Margaretland, PR 51006",Y,miles
242,Darius Good,030-66-9144,"PSC 5617, Box 2506
APO AA 33275",Y,hours
243,Kimberly Martinez,565-05-6245,"Unit 1430 Box 0473
DPO AE 13033",Y,hours
244,Samantha Ross,654-15-0077,"112 Matthew Lakes Apt. 142
Bakerville, VI 75243",Y,miles
245,Robert Todd,007-34-2951,"5730 Nicole Motorway Apt. 636
New Joshua, WA 09875",N,hours
246,Brian Curtis,272-87-3105,"642 Caroline Streets
Brownfort, WV 34402",Y,miles
247,Ricardo Carr,328-46-6072,"PSC 2300, Box 9860
APO AP 58221",Y,hours
248,James Harrison,473-98-5266,"60557 Kelly Estates Apt. 553
Melissaport, KS 24176",N,hours
249,Mitchell Harris,711-16-6603,"8068 Juan Avenue Suite 748
Matthewhaven, ID 71679",N,hours
250,Benjamin Garcia,486-16-7932,"544 Matthew Ports Apt. 276
Heatherberg, MN 82576",Y,hours
251,Nicholas Ortiz,244-61-2169,"PSC 1511, Box 2692
APO AA 80204",Y,miles
252,Gregory Becker,864-38-1165,"230 Jones Motorway
West Gregory, NH 79440",Y,hours
253,Kenneth Moore,467-81-1379,"0344 Smith Skyway
Dawnfurt, SD 87865",Y,miles
254,Michael Duran,565-45-3802,"425 Jennifer Underpass Suite 197
Andersonborough, NJ 11397",Y,hours
255,Aaron Zimmerman,593-02-1641,"3166 Cox Branch Apt. 263
New Brookeport, LA 25142",Y,hours
256,John Jones,527-01-8857,"6975 Hartman Place
Larsonchester, SC 12985",N,hours
257,Sue Jackson,031-28-4483,"784 Amy Port Apt. 189
New Jason, UT 86331",N,hours
258,David Horton,323-24-1174,"559 Jessica Mission
North Christine, NE 93219",N,hours
259,Derrick Myers,517-10-6540,"82974 Lauren Glens Suite 976
Hartmanland, MS 12302",Y,hours
260,Paul Flores,749-24-1184,"604 Jones Alley
Donnaton, OH 99284",N,hours
261,Robert Larson,861-91-2458,"8594 Tim Parkways
Christopherbury, OH 65272",Y,miles
262,Justin Mitchell,004-20-7256,"Unit 5875 Box 3261
DPO AA 66074",N,hours
263,Kelly Zavala,337-95-2423,"7705 Cathy Point
Cortezshire, PA 33344",Y,miles
264,Karen Guerra,090-88-7734,"3210 Katie Pike
Turnermouth, WY 64312",Y,miles
265,Heather Summers,380-98-2063,"10155 Diamond Crossroad
Laurenfort, DE 74104",N,hours
266,Joseph Jones,133-66-2066,"1699 Ward Row
Port Brandi, VT 90105",Y,miles
267,Sean Nielsen,841-96-6713,"098 Kimberly Land
North Dawnburgh, GA 79019",N,hours
268,Joel Robertson,270-96-3118,"802 Michael Bridge
Cynthiamouth, SC 20221",Y,miles
269,Walter Walker,014-63-2150,"84976 Perez Green
North Stephanie, FL 70367",Y,miles
270,Miranda Myers,683-25-8863,"6418 Diana Stream Apt. 307
Jacksonland, MH 57774",N,miles
271,Bridget Peters,316-37-8188,"050 Ferguson Station
Wyattfurt, CA 94793",Y,miles
272,Nicholas Butler,202-58-2077,"96531 Steele Springs Apt. 882
Marialand, UT 35558",Y,hours
273,Bonnie Swanson,054-75-1045,"2576 Kevin Meadows Apt. 318
Jessicaberg, MP 35422",Y,hours
274,Roberto Ball,694-43-1388,"100 Wagner Port Suite 708
Patrickchester, AK 01491",Y,hours
275,Nicole Gray,483-26-4973,"43429 Terry Trafficway
Georgehaven, NM 91725",Y,hours
276,Robert Haney,298-01-8687,"989 Matthew Fall
Huntershire, WI 83783",N,hours
277,Monica Kramer,528-75-0221,"USNS Farrell
FPO AE 30529",Y,miles
278,Rachel Warner,766-75-0244,"835 Jennifer Trace
North Carlos, MA 99376",N,miles
279,Annette Simpson,698-70-1982,"3098 Michael Mount Apt. 388
Rosemouth, KS 94276",N,hours
280,Matthew Smith,066-15-0373,"39539 Tricia Road
Gouldbury, SC 62717",Y,miles
281,William Braun,077-02-0221,"0630 Ryan Bridge
Lake Donnaburgh, IL 60426",N,hours
282,Katelyn Mcmahon,532-83-5756,"5362 Davis Shore Suite 635
Richardtown, FM 24962",Y,miles
283,Chad Brown,141-46-1176,"PSC 4591, Box 4060
APO AE 64378",Y,miles
284,Latoya Woods,834-32-5424,"531 Karen Mount
New Andrea, HI 88401",Y,miles
285,Kristin Hill,424-16-1307,"5739 Smith Pine Apt. 714
Conleyborough, TX 89691",N,miles
286,Daniel Wells,691-17-9308,"169 Berg Knolls
Stephenhaven, MH 43619",Y,miles
287,Heidi Johnson,290-48-2120,"603 Charles Lock Apt. 179
Robertsstad, LA 61333",Y,miles
288,Pamela Morgan,799-56-8270,"1906 Jeff Inlet Apt. 767
Kristinashire, LA 31250",Y,hours
289,Monica Fowler MD,382-15-9386,"700 Gregory Rapids
West Stevenstad, AL 72003",N,hours
290,Keith Cummings,342-81-5874,"8620 Monica Avenue
Lewismouth, MN 16430",Y,miles
291,Amy Jones,591-19-7452,"7036 Alex Gardens
East Amymouth, IN 32433",N,hours
292,Justin Burns,448-90-2219,"73473 James Manor Suite 301
Juarezshire, AL 37952",N,hours
293,Timothy Thomas Jr.,372-43-6403,"6065 Gabrielle Highway Suite 381
Lake Allison, WY 85170",N,miles
294,Haley Miller,291-69-0957,"013 Wise Loop Suite 084
New Lori, DC 35788",Y,miles
295,Mike Smith,056-83-1399,"907 Beck Way
East Kevinview, IA 54509",Y,miles
296,Evan Mccoy,527-36-5669,"31453 Linda Highway
New Donald, ID 22337",Y,hours
297,Fernando Carson,664-12-2957,"4054 Hall Center
Beverlyfort, OK 45026",N,hours
298,Tina White,230-48-8130,"14573 Nicole Prairie Apt. 625
South Betty, SC 76490",N,miles
299,Leah Scott,545-27-9858,"72634 Mendoza Station Apt. 935
Lake Kayla, LA 70751",N,hours
300,Kenneth Cannon,263-04-1486,"10442 Jerry Port
West Patrickland, NV 05351",N,hours
301,David Parsons DDS,552-83-7057,"404 Martinez Road
Carrtown, RI 85770",N,miles
302,Stephanie Bishop,588-25-8269,"9968 Tara Ridge Suite 319
Griffinshire, CA 70334",Y,miles
303,Scott Riley,767-72-7409,"USS Campbell
FPO AP 14549",N,miles
304,Jacob Gonzalez,856-05-7792,"5141 Franklin Spur
East Daniel, NC 08977",Y,hours
305,Mark Wise,306-92-5136,"687 Autumn Brook
Lake Christopherchester, MD 65150",Y,hours
306,Jason Jones,708-82-5844,"27080 Ellen Manor Suite 953
Donnaburgh, AR 28574",N,miles
307,Lacey Davis,415-40-9327,"522 Tammy Crescent
Laurenport, LA 11470",N,hours
308,Cheryl Ramirez,191-52-7629,"4932 Church Isle
Lake Robinchester, OH 57460",Y,hours
309,Jeffrey Jimenez,734-88-7527,"3598 Antonio Curve
Morrisonville, ID 43691",N,hours
310,Travis Williams,245-49-7669,"973 Jason Trail
East Megan, AR 35553",N,hours
311,Monica Allen,163-56-4752,"988 Bryan Summit Suite 192
Stephaniebury, FL 54370",N,hours
312,Carlos Martin,080-02-7919,"843 Brittany Circle
Thomaschester, OR 09072",N,hours
313,Megan Cunningham,241-54-2782,"1977 Stephanie Walk Apt. 547
Ethanbury, UT 79483",Y,hours
314,Emma Kennedy,361-19-1235,"21187 David Park Suite 628
Johnsonmouth, DE 86013",Y,miles
315,Julie Johnson,752-61-9418,"87069 Sonya Roads Suite 186
Lauraville, IL 47821",Y,miles
316,Laura Williams,271-57-7267,"64427 Caroline Cape Suite 283
South Shannon, WV 35220",N,miles
317,Samantha Hampton,035-02-4946,"691 Kim Ways
Williamsmouth, CT 10333",Y,miles
318,Wayne Crawford,043-41-8589,"0704 David Circle Apt. 078
Petersside, OR 04037",N,hours
319,Haley Lopez,369-30-3675,"PSC 1966, Box 8430
APO AA 21173",Y,hours
320,Jodi Jones,764-21-9873,"59968 Melissa Stream Apt. 031
East Jamesville, RI 94720",Y,miles
321,Joy Roberts,085-53-8458,"75564 Cynthia Divide Apt. 779
Mccoyborough, WI 96760",N,hours
322,Diamond Zavala,226-59-4600,"594 James Brooks
Andreland, KY 42508",Y,hours
323,Donald Porter,696-74-5535,"345 Spence Overpass
Davisberg, FM 90004",Y,miles
324,Brian Cowan,205-27-7543,"549 Sarah Meadows
Thompsonport, GA 77220",N,hours
325,Ricky Miller,533-39-9914,"33065 Jeremy Knoll
South Jaclynfort, DE 44621",N,miles
326,Jennifer Perry,199-61-4750,"51349 Watts Grove Suite 967
Wyattchester, WY 88285",N,miles
327,Deanna Payne,146-44-5684,"1637 Phillip Street Apt. 321
Knightton, LA 16030",Y,hours
328,Gary Kelly,893-86-8268,"3876 Frederick Viaduct Apt. 524
East Jonathon, PA 61965",N,miles
329,Craig Stevens,830-92-7969,"997 Jasmine Fords Suite 450
Heidiburgh, ND 73771",Y,hours
330,Jill Hubbard,673-65-5318,"7914 Jasmin Summit Suite 270
New Richard, TN 59323",Y,miles
331,James Wood,203-73-7186,"72018 Kurt Corners Suite 289
North Cynthia, SC 96501",Y,miles
332,Crystal Rodriguez,711-42-2040,"4724 Miller Run
Heathermouth, PA 72879",Y,hours
333,Angela Gutierrez,804-91-9054,"4615 Frank Causeway
East Danielleburgh, FM 62191",N,miles
334,Jesse Patrick,371-52-1096,"PSC 0191, Box 7274
APO AE 02404",N,hours
335,Troy Everett,242-28-9784,"9642 Veronica Way Apt. 048
East Jackson, NH 95924",N,hours
336,Michael Perez,515-06-6578,"838 Taylor Station Apt. 042
Maryberg, AS 05355",N,hours
337,Dustin Robinson,049-63-6360,"054 Chandler Common Apt. 747
East Janice, NC 85402",N,hours
338,Jasmin Sullivan,169-13-7601,"725 Palmer Falls
West Kathleen, MD 47236",N,hours
339,Stephen Thomas,508-71-2903,"10825 Gillespie Square
Solomonton, AK 22557",N,hours
340,Matthew Sandoval,558-18-0325,"3292 Micheal Junctions Apt. 333
East Justinshire, FM 57514",N,hours
341,Sabrina Sutton,533-14-6315,"694 Carolyn Turnpike
East Rebeccabury, WA 57704",Y,hours
342,Brandon Ray,743-52-7818,"2441 Amber Extensions
Roseville, MA 45689",N,miles
343,Gina Tanner,879-78-8585,"22446 Hansen Freeway Suite 704
Jessicaborough, CA 77614",Y,hours
344,Kelly Pierce,647-51-4911,"35732 Larry Street Apt. 045
Port Stephenmouth, AS 81339",Y,miles
345,Gregory Smith,242-50-7840,"5243 Mendoza Locks
New David, DE 06171",Y,miles
346,Michelle Williams,833-60-1816,"2760 Jessica Manors
Lake Joyceberg, RI 55500",N,miles
347,Matthew Livingston,413-83-3526,"6412 Chandler Roads Suite 105
Jamesborough, MD 52262",Y,miles
348,Steven Hunt,205-40-4926,"PSC 0870, Box 3354
APO AA 17914",Y,miles
349,Megan King,268-35-8913,"68101 Janet Overpass
Jacksonmouth, WV 10723",Y,miles
350,Wanda White,338-03-6833,"598 Mckenzie Isle
North Matthew, MT 86838",N,hours
351,Brian Dennis,602-37-1931,"4700 Sarah Parkways Suite 321
Michaelside, PW 65639",N,miles
352,Ann Ortiz,809-72-2177,"91822 Harris Squares Apt. 323
East Jenniferview, CT 15964",N,hours
353,Austin Shepherd,285-18-7651,"674 Payne Ford
Josephshire, CA 86667",N,hours
354,Joseph Bates,076-59-1478,"577 Acevedo Greens
Riceland, KY 24459",N,hours
355,Kelly Maddox,820-87-6096,"95724 Pratt Freeway Apt. 794
Josephbury, UT 27403",N,miles
356,Linda Potts,387-86-9359,"USS Alexander
FPO AA 33643",N,hours
357,John Collins,213-86-8908,"550 Copeland Estate Apt. 983
South Jenniferbury, TN 33206",N,miles
358,Jeffrey Rivera,801-44-0086,"16539 Graham Fort Apt. 318
North Jamesmouth, FM 42992",N,hours
359,Connor Avila,636-25-8149,"04462 Kelly Hills
Sarahborough, HI 59593",N,miles
360,Tamara Cannon,185-10-3527,"6402 Villa Pass
West Gregoryberg, OR 42635",N,hours
361,Robert Taylor,118-79-4446,"6031 Rhonda Courts Suite 881
Reyesstad, GA 00532",N,miles
362,Stephanie Brown,540-02-6011,"472 Susan Gateway
Lake Ryan, OK 08241",N,miles
363,Katherine Moore,473-91-6497,"2919 Julia Hollow Suite 218
West Juanberg, IN 40331",Y,hours
364,Kelly Shaw,155-96-4586,"PSC 7841, Box 9874
APO AE 31286",Y,hours
365,Michael Velasquez,597-11-2314,"20227 Kline Centers
Andersonchester, VA 77777",N,hours
366,Emily Black,794-47-1895,"941 Gray Center Apt. 182
Herreraberg, AR 61380",N,miles
367,Dr. Albert Conway,727-43-7869,"3688 Chelsey Walk Apt. 929
Rileyburgh, MI 39790",Y,hours
368,William Benton,246-10-2660,"008 Williams Coves
Delacruzbury, CT 06302",N,hours
369,Timothy Russell,714-23-3191,"343 Wilson Meadows
Harperton, WI 39822",N,hours
370,William Chandler,541-33-1372,"315 Howell Orchard
North Breannafurt, CA 72966",N,miles
371,Sean Lee,707-84-1426,"649 Cory Shore
Guerrerohaven, NE 90196",N,hours
372,Wayne Hoover,480-20-0316,"9730 Wood Coves
West Crystalport, VI 17485",Y,hours
373,Ashley Benton,867-71-5714,"PSC 5360, Box 6659
APO AP 98068",N,miles
374,Charles Martinez,800-95-1760,"36278 Marshall Ridge Suite 677
South Garrett, NM 67444",Y,miles
375,Tanya Warner,029-57-1009,"732 Burke Ranch Suite 180
North Thomas, AZ 69100",Y,hours
376,Alexander Campbell,305-99-5081,"54916 Daniel Garden Suite 915
South Katherine, VI 83570",N,hours
377,Christina Barry,099-73-7210,"6062 Singleton Walk Suite 865
East Johnland, WA 91638",N,hours
378,Lindsay Randolph,363-64-3089,"70099 Ramos Heights Apt. 007
West Scott, GA 68605",Y,hours
379,Amy Mathis,584-51-5981,"32648 Caitlin Locks Apt. 368
Santanamouth, VI 90831",N,miles
380,Melissa Moore,643-14-7764,"3135 Shaw Orchard
Gibsonport, MS 49669",N,miles
381,Craig Ramsey,649-11-1415,"3708 Alexander Oval Suite 490
Lake Jeffrey, VA 51338",N,hours
382,Mark Davis,417-41-5505,"0893 Kendra Viaduct
Fleminghaven, GU 36954",N,hours
383,April Johnson,303-24-4347,"PSC 4091, Box 4495
APO AA 09450",Y,miles
384,Jenny Garrett,322-78-1111,"8039 Katherine Road
Melissaland, OR 20949",N,miles
385,Morgan Williams,129-30-0087,"6720 Susan Alley Suite 522
Donaldside, DE 27714",Y,hours
386,Thomas Thomas,487-29-4878,"183 Michael Hollow Apt. 457
Christinachester, CT 75754",N,hours
387,Sandra Landry,554-99-9361,"3864 Orozco Groves Suite 732
Davisview, FM 03440",N,hours
388,Cynthia Gilbert,465-10-6860,"94501 Johnson Station Apt. 405
Terryshire, MA 07396",Y,miles
389,Jonathon Weber,373-05-1659,"2001 Caitlin Pines
Thomastown, CA 87780",N,miles
390,Michael Young,461-21-1721,"USS Jones
FPO AA 60045",N,hours
391,Richard Holland,895-95-3435,"09102 Robert Dale
East Michael, NH 01695",N,hours
392,Kevin Dorsey,303-83-4174,"44724 Jennifer Mill Suite 556
Fowlerborough, NE 99287",N,miles
393,Mary Scott,614-99-6594,"751 Diane Plains
Jenniferview, HI 79131",N,hours
394,Tonya Henderson,632-75-7130,"USS Deleon
FPO AE 77494",Y,hours
395,Madison Burnett,421-14-8043,"515 Stephen Mission
Sampsonfort, NE 71629",Y,miles
396,Kathryn Holt,091-23-7444,"04459 Jessica Vista Apt. 299
East Samuelhaven, AZ 48040",Y,miles
397,Pamela Campbell,149-93-3352,"92073 Jones Crest
South Bridget, VI 47279",N,miles
398,Courtney Baker,267-51-5027,"901 Shelton Roads
Garciaburgh, NY 02261",Y,miles
399,Alex Cook,239-66-9765,"77524 Nelson Neck
Melissaland, UT 54625",Y,hours
400,Yolanda Ferguson,335-40-9699,"91621 Jason Viaduct
Lisafurt, OH 28995",Y,hours
401,Amy Bennett,695-84-5322,"PSC 8359, Box 0276
APO AE 27588",Y,hours
402,Andrew Kramer,165-62-2567,"808 Garcia Landing
Lake Ronald, MS 27403",Y,hours
403,Benjamin Mclaughlin,654-96-3231,"PSC 3933, Box 6982
APO AA 91191",Y,hours
404,Judy Conrad,610-11-7672,"Unit 4261 Box 1153
DPO AP 57769",Y,hours
405,Kelly Kelly,100-79-3387,"202 Lewis Skyway
Matthewbury, GU 06638",N,hours
406,Kenneth Moss,878-33-3321,"8147 Wang Skyway Suite 813
New Andrew, NY 38596",N,hours
407,Isaac Moon,779-48-5352,"64899 Katherine Spurs Apt. 369
Larsonmouth, CA 09506",N,miles
408,Michael Briggs,555-27-8214,"56309 Leslie Islands
East Cassandra, MD 07520",N,miles
409,Christopher Taylor,431-95-7915,"837 Cory Parkway Suite 044
West Laurenburgh, PR 93307",N,miles
410,Douglas Fletcher,035-83-1792,"08152 Meyer Alley Apt. 318
Woodsbury, FM 68265",Y,miles
411,Thomas Haney,270-38-9625,"94911 Lisa Tunnel Apt. 760
North Angela, CT 20501",N,hours
412,Matthew Parks,334-02-8172,"11938 Alicia Ridges
East Lori, DE 28899",N,miles
413,Corey Jones,036-90-8112,"472 Hurley Springs
West Kayla, VI 36926",Y,hours
414,Jeffrey Young,058-74-9441,"PSC 7377, Box 7295
APO AP 67554",N,miles
415,Allison Mooney,681-89-5489,"678 Dale Street Apt. 914
Kevinfort, HI 04011",N,miles
416,Alicia Erickson,856-04-7395,"3466 Walter Lane
Martinbury, MP 98973",Y,miles
417,Shawn Martinez,366-85-6007,"136 Wu Unions
South Bradleyshire, UT 80087",Y,hours
418,Carmen Wolfe,223-88-5428,"210 Castro Centers Apt. 246
Port Richardhaven, DE 36150",N,miles
419,Kimberly Myers,019-47-6621,"5413 Brian Court
New Crystalside, VI 46704",N,miles
420,Robert Fuentes,383-08-9532,"623 Christensen Mountain
Darrenchester, CT 80176",Y,hours
421,Manuel Wheeler,139-37-6877,"20065 Michael Plaza Apt. 090
New Douglasburgh, IA 65128",Y,miles
422,Grant Washington,899-03-5723,"14585 Villa Roads
Lake Karenville, OH 58974",N,hours
423,Deanna Meadows,347-54-2346,"USS Richardson
FPO AE 95598",Y,miles
424,Bethany English,440-99-1677,"7261 Katie Skyway
Collinshaven, DC 49518",Y,hours
425,Autumn Johnson,703-84-4678,"99475 Frey Ford Suite 847
East Bryantown, TN 60696",Y,hours
426,Brenda Robinson,094-63-2193,"80300 Huerta Freeway Apt. 514
East Teresa, AS 05857",Y,miles
427,Hunter York,301-93-1920,"014 Fowler Green
Goodmanmouth, KS 62745",Y,hours
428,Jessica Williams,617-15-5384,"24948 Wilson Street Apt. 862
Davidborough, AL 93263",Y,miles
429,Michael Richmond,635-64-1057,"8081 Melissa Mills Suite 622
Lake Kiaraburgh, ME 99191",N,hours
430,Kathryn Adams DVM,370-90-7137,"046 James Unions
Port William, AZ 38990",N,miles
431,Marcus Petersen,855-44-4358,"9888 Trujillo Via
Lake Virginiastad, WA 16764",Y,hours
432,Victoria Gordon,569-36-2134,"9980 David Branch Suite 887
Smithville, ME 08850",N,hours
433,Rachel Schultz,437-22-2816,"0841 Beck Radial
New Jefferyshire, MD 33463",Y,hours
434,Victoria Barker,072-62-8323,"5360 Lisa Isle Suite 411
Port Michelleburgh, NY 96653",N,miles
435,Larry Patrick,351-46-5621,"0853 Terry Cliff Suite 381
Wardshire, MO 42392",Y,hours
436,Marcus Martin,494-18-8592,"Unit 5155 Box 7682
DPO AA 73690",N,miles
437,Sherry Singleton,623-60-8478,"1891 Zachary Lodge Apt. 972
East Brittany, MI 23258",N,hours
438,Christine Tran,444-56-8023,"31222 Schmidt Views
West Walterstad, AK 19644",N,miles
439,David Glover,095-90-7025,"25795 Gaines Ways Suite 044
East Stephenton, WY 66225",Y,miles
440,Monique Griffin,197-31-6910,"PSC 6096, Box 3643
APO AA 40700",N,hours
441,Ruben Webb,145-70-6616,"2960 Nguyen Overpass
Parkport, VA 56941",Y,hours
442,Jeremy Cruz,096-25-9578,"1616 Lopez Villages
Port Emilyburgh, MD 20447",N,hours
443,Dr. Melinda Carter MD,240-35-6349,"69733 Oscar Cove
Christopherland, IL 67834",N,miles
444,Jacob Howard,733-89-7508,"0205 Mcfarland Key
Lake Nicholas, VI 78841",N,hours
445,Nicole Guerrero,430-10-8137,"10853 Donna Ways
New Daniel, WY 42555",N,miles
446,Jodi Hill,321-66-0870,"8389 Walker Circle Apt. 408
Allenburgh, NJ 43619",N,hours
447,Alyssa Sosa,184-08-8299,"78455 Ramirez Fork
East Michelle, HI 31640",Y,miles
448,Sophia Ross,713-27-2027,"382 Cooper Mission
Nancyland, MN 05422",N,hours
449,Chad Jackson,639-57-3996,"494 Shelton Stream
Morrisonmouth, FL 87613",Y,hours
450,Jessica Fletcher,589-81-3666,"047 Zachary Trafficway Apt. 364
Port Caitlynstad, IL 68426",Y,miles
451,Michael Guerrero,828-61-8187,"67860 Angela Rest
Jeremystad, VT 72715",N,miles
452,Michael Johnson,487-59-4549,"82296 Emily Prairie
Lake Peterstad, CO 99631",N,hours
453,Benjamin Sims,287-67-9603,"81987 Sexton Highway
New Kaitlyn, RI 48009",N,miles
454,Raymond Cox,111-14-5696,"8124 Stephanie Branch
North Joseph, MT 03671",Y,miles
455,Jack Ruiz,631-24-0779,"015 Jimenez Hills
Josephfurt, OK 29482",Y,miles
456,Jonathan Davis,499-32-4489,"Unit 0295 Box 8939
DPO AA 87474",N,miles
457,Kristina Gilbert,190-44-1966,"USNV Gutierrez
FPO AE 87554",Y,miles
458,Casey Simmons,329-49-3706,"67424 Corey Inlet Apt. 161
Tamaratown, DC 46333",Y,miles
459,Tom Townsend,292-98-8237,"753 Zachary Crossing
South Daniel, MO 61267",N,hours
460,Michael Fuller,431-26-1286,"1370 Heidi Stream
South Christopher, WA 19148",N,miles
461,Andrew Hughes,169-59-1187,"4885 Hopkins Port Apt. 380
Lewismouth, AL 26517",N,hours
462,Sarah Li,360-71-2569,"9653 Jones Radial
Clayside, AR 00554",Y,hours
463,Rhonda Robinson,538-66-0080,"Unit 1665 Box 8654
DPO AP 80158",N,miles
464,Whitney Cole,185-31-5515,"510 Robert Row Apt. 318
Aguirreshire, CO 84449",Y,hours
465,James Campbell,658-50-0332,"PSC 7686, Box 0272
APO AA 15184",Y,miles
466,Matthew Anderson,783-94-5418,"160 Dillon Terrace
Lanefort, SC 74165",Y,miles
467,Ryan Taylor,493-20-0015,"499 William Avenue
North Donnachester, AL 30829",N,hours
468,Karen Simmons,603-48-5771,"9075 Morgan Landing Suite 257
North Margaret, GU 58783",Y,hours
469,Brian Holland,265-15-2159,"98747 Dorsey Alley
New Eileen, NV 39394",N,hours
470,Megan Mullins,537-35-5889,"84429 Hughes Summit
East Ashley, AR 20575",N,hours
471,Mrs. Jennifer Payne,121-73-9415,"45997 Warner Port
Lucasshire, ME 75968",Y,hours
472,James Schmidt,003-82-3287,"9531 Justin Lodge
North Dustin, KY 15406",Y,miles
473,Christopher Taylor,026-46-1152,"2787 Jones Underpass Apt. 326
Laneborough, MH 24452",Y,hours
474,Andrea Kim,646-20-9702,"4975 Nicholas Valley
New Jessica, VI 81544",N,miles
475,Melody Hill,152-44-2177,"86039 Alexa Meadows Suite 819
Lake Doris, OK 68097",N,hours
476,Thomas Harrison,410-54-6457,"60909 Rodriguez Freeway
Beasleyberg, KY 86209",N,miles
477,Steven Kelley,572-14-1713,"PSC 3771, Box 9070
APO AE 98489",Y,miles
478,Michael James,703-47-7035,"Unit 6280 Box 5824
DPO AA 35270",N,miles
479,Terry Perkins,108-04-6378,"427 Brenda Knoll
Stephaniemouth, MP 92955",Y,hours
480,Jose Martin,320-87-8031,"120 Ashley Springs Suite 801
Butlertown, HI 29660",Y,miles
481,Daniel Shaw,462-61-6670,"53085 Sarah Mission
Jeffersonview, AZ 04383",N,hours
482,Patrick Heath,421-46-7906,"787 Jesse Springs
Mendezville, MA 84496",N,hours
483,Ashley Tucker,765-89-8650,"67242 Dawn Manors Suite 067
Houstonberg, FL 76522",Y,hours
484,Natalie Coffey,303-54-3342,"Unit 2525 Box 6532
DPO AP 54905",Y,miles
485,Joshua Green,471-75-7507,"9955 Gentry Union Apt. 317
Jessicaton, NH 48558",N,hours
486,Allison Parker,286-77-9545,"37963 Daniel Plains
Karenchester, MD 55338",Y,miles
487,Bradley White,289-83-5892,"894 Catherine Landing Apt. 152
Strongland, SD 45520",Y,hours
488,Julia Jacobson MD,493-99-0170,"619 Kimberly Light Apt. 557
South Shellyville, PA 85612",N,hours
489,Denise Arellano,023-39-4459,"07056 Stein Junction Apt. 535
Lake Sean, CT 67787",Y,hours
490,Sandra Morgan,468-41-5263,"3980 Phillip Shore Apt. 017
Campbellburgh, TX 77187",Y,miles
491,Shane Davis,004-20-1964,"3514 Michele Run Apt. 569
Lake Alejandrofort, CO 69041",Y,hours
492,Christopher Foster,510-99-8038,"0911 King Roads Suite 989
Edwardsmouth, CT 64910",Y,miles
493,Jonathan Holmes,110-62-2622,"71427 Alvarez Plaza Suite 986
North Jennifer, MI 79318",N,hours
494,Shannon Mccoy,864-75-2914,"792 Harris Lakes
Millerbury, OH 39986",Y,hours
495,Jamie Mack,214-74-0510,"20262 Mendoza Haven
Port Raymond, TN 72746",N,miles
496,Nicole Hernandez,858-65-1817,"236 Callahan Mews
Wongmouth, IN 06712",N,hours
497,Jonathan Garcia,543-31-8336,"USS Ramirez
FPO AP 48148",N,hours
498,April Goodwin,366-09-0123,"718 Lewis Dale Suite 698
Sherryport, CO 48298",Y,hours
499,Laura Riley,893-19-6376,"468 Derek Ways Apt. 408
New Dustinberg, MP 16864",N,hours
500,Jennifer Patton,568-05-5338,"PSC 4312, Box 2861
APO AA 77250",N,miles
501,Connor Smith,720-03-0933,"05979 Jill Forks Apt. 921
Alexanderport, AR 18249",N,hours
502,Jennifer Smith,044-95-6080,"93833 Hall Hollow Apt. 224
East Paultown, CA 07088",Y,miles
503,Amy Tucker,049-86-2636,"0710 Stephen Junction
Port Elizabeth, AL 83711",Y,miles
504,James Moody,771-54-6811,"73305 Anthony Flat Suite 607
Hernandezville, HI 24595",Y,miles
505,Patricia Carpenter,087-40-9579,"39530 Elliott Orchard
Johnview, NJ 33766",N,hours
506,Gloria Martinez,785-70-8684,"5448 John Wells Apt. 436
East Andrew, MO 91993",Y,hours
507,Amy Harris,436-59-3124,"31402 Derek Row
East Benjamin, MS 50877",N,hours
508,Ian Hamilton PhD,812-68-8318,"3817 Cheryl Hollow
Howellport, WI 66345",Y,miles
509,Jenna Wallace,033-34-2044,"Unit 3285 Box 0536
DPO AA 23485",N,hours
510,Lisa Richardson,107-46-0084,"558 Victoria Mountains
New Manuel, HI 81131",N,hours
511,Diana Navarro,492-48-9794,"080 Silva Ports
North Stephenview, PA 65774",Y,miles
512,Alison Miller,841-43-7406,"570 Brittany Springs Apt. 333
Port Rebecca, AK 89429",Y,hours
513,Tara Cole,188-33-7937,"7060 Brown Extension Suite 556
Littleport, MH 25388",Y,miles
514,Maria Rosario,399-42-6930,"33529 Ramirez Summit
Nicholasburgh, WY 87606",N,hours
515,Jessica Miller,837-06-2683,"7489 Lindsey Meadows
Clarkmouth, NV 88142",N,miles
516,Jeremy Williams,086-55-7990,"63186 Nichols Club Apt. 372
West Richardbury, DE 53091",Y,hours
517,Tracy Brown,126-24-9810,"86330 Baldwin Estates
West Kevinmouth, DC 22468",N,hours
518,Brendan Flores,042-15-4867,"2955 Cain Fort Suite 862
Lake Tanya, NJ 83488",N,hours
519,Terri Miller,480-74-4080,"004 Kelly Stravenue Suite 269
Lake Justinfort, HI 62270",N,hours
520,Joseph Armstrong,009-61-4632,"3369 Andrew Village Apt. 790
East Curtischester, FL 18370",Y,miles
521,Howard Alexander MD,592-53-4131,"377 Stephanie Lodge
North Cassandraside, IL 51382",N,miles
522,Lisa Evans,180-85-8053,"83069 Samantha Circles
South Lisa, MI 34535",N,miles
523,Marcus Morgan,069-13-7043,"USS Williams
FPO AA 65700",N,hours
524,Jeremy Ramos,539-99-4834,"4559 Brown Skyway
Lake Dylan, NY 84706",N,hours
525,Jake Leonard,344-65-8249,"7231 Walton Ramp
South Colton, PR 69996",N,hours
526,Olivia Smith,203-57-3391,"07955 Jessica View
West Rebeccaport, SC 70338",N,hours
527,Cathy Hernandez,831-90-2775,"3592 Daniel Crest Apt. 737
Calebchester, NC 57063",Y,miles
528,Brittany Perkins,832-20-5303,"33266 Johnson Drive Suite 467
Gravesfurt, PW 60393",Y,miles
529,Melissa Chavez,295-65-4762,"534 Brittany Points
Rachaelburgh, NC 88944",Y,miles
530,Cody French,792-77-9205,"Unit 4794 Box 8164
DPO AP 23456",N,hours
531,Brett Cole,335-76-3100,"72606 Williams Park
Mccallport, WV 37621",Y,hours
532,Tara Le,220-11-2837,"973 Cameron Walks
Lake Bethany, KY 86727",Y,hours
533,Terri Coleman,865-61-5516,"0861 Cruz Islands Apt. 647
Port Nancy, WY 64226",Y,miles
534,Justin Mclaughlin,693-26-1565,"USCGC Herrera
FPO AA 46544",Y,hours
535,Kenneth Miller DDS,494-79-3707,"680 Rivas Way
Petersonville, NC 54101",N,miles
536,Robert Myers,879-41-3363,"682 Johnson Drive Apt. 290
Port Andrea, TN 87674",N,hours
537,Diane Roberts,452-84-0247,"159 Stephanie Highway
West Joditown, WA 06540",N,hours
538,Kim Flynn,383-42-4549,"06058 Cindy Estate
East Bryan, MS 05050",Y,miles
539,Ashley Stewart,289-96-4484,"0828 Woods Loop Suite 222
Theresaland, MS 71875",Y,miles
540,Jesus Krueger,812-01-1852,"3815 Lisa Islands
North Randy, PR 53163",N,miles
541,James Meyer,006-69-7258,"3660 Lane Underpass Suite 930
New Nathaniel, VI 97593",N,miles
542,Carol Greene,339-42-1116,"62990 Miller Forge Apt. 178
Sarahborough, NH 69600",Y,miles
543,Christine Tucker,614-64-1166,"Unit 6199 Box 2566
DPO AP 94903",Y,hours
544,Anthony Campbell,296-25-4464,"5669 Victor Walk
West Heather, PR 88682",Y,hours
545,Madison Ford,052-85-4157,"0882 Campbell Parkways
Matthewshire, LA 41955",N,miles
546,Michael English,260-94-1418,"2193 Sabrina Plain
Port Wayne, TX 23642",N,hours
547,Eddie Sanchez,400-90-6143,"53166 Krista Tunnel Suite 776
Johnstonfurt, NY 52360",N,miles
548,Cheryl Martin,124-69-9126,"943 Joe Passage
Lozanofurt, OK 01442",N,miles
549,Melissa Reed,242-53-0428,"7905 Sarah Inlet
North Ianville, SC 84347",N,hours
550,Mr. Clayton Rollins,300-14-6528,"PSC 1534, Box 8856
APO AA 44934",N,miles
551,Gregory Valenzuela,618-27-5312,"3275 Campbell View
Annachester, AS 02411",N,miles
552,Zachary Butler,409-23-8041,"43739 Gabriela Ramp Suite 571
North Andrew, VI 60544",Y,miles
553,Brenda Wheeler,587-31-4445,"8833 Russell Meadow Apt. 448
Brownstad, IN 67381",Y,hours
554,Amanda Liu,595-03-4320,"6730 Allen Mill Apt. 239
North Antonio, IA 65450",Y,miles
555,Sarah Todd,832-63-6891,"1020 Kara Springs
Williamsburgh, DC 72190",Y,hours
556,Frederick Johnson,648-95-0857,"419 Ingram Pines
Kristinstad, CO 85474",N,miles
557,Angela Lewis,686-41-0148,"0458 Walls Green
Alvarezburgh, PA 02278",N,miles
558,Dennis Kline,237-35-0746,"3412 Phillips Mall
Port Dawnburgh, MP 65633",Y,miles
559,Cody Miller,244-40-7441,"135 Miller Crescent Apt. 672
North Kathyport, MI 76017",N,miles
560,Taylor Guerrero,461-01-2942,"4672 Vickie Trail Suite 083
Jacksonberg, FL 71720",N,hours
561,Robert Jordan,065-92-2420,"05327 Young Park Apt. 173
Muellerchester, WA 82069",Y,hours
562,Andrew Erickson,493-77-2439,"6605 Dickerson Throughway Suite 103
South Maria, FM 62780",Y,miles
563,Christopher Kelley,466-27-4212,"68538 James Ferry Apt. 703
Kaitlynside, OH 13463",N,hours
564,John Calderon,535-42-3284,"4705 Williams Drive
West Alyssa, KY 05739",N,hours
565,Kevin Sparks,305-90-8770,"4677 Newman Circles
North Mark, PR 58138",N,miles
566,Travis Harper,899-58-0971,"PSC 4066, Box 2581
APO AA 21836",Y,miles
567,Jason Perry,039-73-5885,"630 Glover Prairie
Josephfurt, SC 75798",Y,miles
568,Stephanie Gibson,349-60-8306,"093 Giles Fords Suite 914
West Allison, WY 57901",N,miles
569,Kimberly Abbott,621-18-7981,"561 Smith Rue
Julianfort, MP 11460",Y,miles
570,Diana Lambert,133-92-5915,"50514 Alexis Light
Yorkbury, UT 52964",Y,miles
571,Julie Kaiser,091-78-2063,"271 Amanda Meadows Suite 216
West Tashaland, UT 03030",N,miles
572,Jennifer Wise,055-29-6896,"174 Kelly Ridge Suite 650
Burnsport, MO 90116",N,hours
573,Austin Levine,762-32-3854,"37411 Smith Hills
South Grace, DE 67396",N,miles
574,Wendy Little,365-32-6525,"8087 Ricky Shore
Lake Terry, KS 04540",N,miles
575,Bethany Alexander,738-90-1160,"0318 Jasmine Motorway
Lake Jamesburgh, MS 76185",Y,miles
576,Cynthia Howell,422-93-6038,"5314 Shaw Track Apt. 562
Andersontown, IL 45116",N,miles
577,Lisa Hamilton,299-48-4484,"66322 Amanda Meadows Apt. 097
Meyerstad, SD 44840",Y,hours
578,Joseph Moreno,546-40-3714,"USNV Garcia
FPO AP 98093",Y,hours
579,Maria Bishop,556-42-4837,"PSC 6820, Box 8853
APO AP 42044",N,miles
580,Matthew Sutton,621-41-0598,"45505 Michael Mountains Suite 092
South Jillburgh, WV 13588",N,miles
581,Eric Mcintyre,076-67-6099,"5645 Wright Trail
Timothyberg, NV 44165",Y,miles
582,Christine Scott,294-44-0240,"065 George Run
Coryhaven, AL 55344",Y,miles
583,Joel Ortiz,278-01-1847,"7001 Gary Extensions
Lake Allison, NH 37208",N,hours
584,Kathryn Carpenter,743-12-1773,"4311 Barbara Mission
Maddoxborough, ID 44658",Y,miles
585,Daniel Vasquez,138-76-6642,"7582 Brown Stream Apt. 911
Tinafort, FL 62283",Y,hours
586,Todd Williams Jr.,547-47-9711,"4398 Cook Forges Suite 736
Warrenborough, HI 69315",Y,hours
587,Curtis Harvey,608-97-2197,"35621 Veronica Viaduct Apt. 743
Garyside, OR 33653",Y,miles
588,Jerry Little,509-58-0831,"USS Ortiz
FPO AP 04742",Y,hours
589,David Murphy,676-80-3693,"560 Ashley Canyon Apt. 421
Lake Phillipmouth, KY 39156",N,hours
590,Jill Martin,351-73-6162,"7163 Price Port
Lake Laura, DC 92107",Y,miles
591,Samantha Rush,546-04-4260,"54420 Megan Crossing
Nielsenchester, IN 96309",Y,hours
592,Deanna Avila,294-28-9810,"1703 Kimberly Junction Suite 174
Rebeccaberg, MH 52093",N,miles
593,Christina Ellison,601-66-6488,"34381 Thomas Motorway
Alexandrastad, NM 93942",Y,miles
594,Karen Hill,066-64-5126,"664 Li Mills
South Taylor, AS 83168",N,hours
595,Susan Cook,168-68-5388,"851 Smith Harbors Apt. 208
Simmonsburgh, ND 27054",Y,hours
596,Robin Vang,544-80-5933,"7091 Kelly Causeway
Lake Robert, KS 15314",Y,miles
597,Jared Graves,387-62-8968,"2089 Murphy Spurs
Lake Annton, ME 42107",Y,miles
598,Gerald Atkinson,696-70-6216,"60909 Steven Terrace Suite 935
New Alyssashire, RI 29664",N,hours
599,Stephen Hutchinson,362-95-2071,"PSC 9379, Box 0707
APO AE 22378",Y,miles
600,Susan Rowland,661-45-1265,"770 Patrick Manor
Port Meagan, NY 57677",Y,hours
601,Jordan King,263-98-3805,"3458 Morgan Underpass Apt. 721
Port Tammychester, FM 52182",N,hours
602,Kayla Brown,500-40-4212,"9898 Salazar Center Suite 642
Jamesmouth, GU 37288",Y,miles
603,Jerry Lopez,886-66-3822,"50773 Bobby Run Apt. 073
Brandishire, VI 77179",Y,hours
604,Mikayla Duran,335-13-7595,"110 Stewart Wall Apt. 615
South Dustin, ID 67842",Y,hours
605,Rebecca Lucero MD,472-93-0636,"6798 Jake Springs
Williammouth, IA 82623",Y,hours
606,Brenda Brown,332-98-1684,"062 Alyssa Expressway Suite 553
East Billy, RI 97515",Y,miles
607,Thomas Elliott,712-37-0809,"1914 Cynthia Alley
New Sophia, NY 34856",N,hours
608,Sergio Jackson,395-85-2707,"906 Hogan Route
East Richard, VI 67365",N,hours
609,Paula Castro,324-08-9241,"48114 Nelson Lodge Suite 083
Mikefort, IN 56951",Y,miles
610,Christopher Martin,538-61-6062,"3855 Elizabeth Station Apt. 666
Port Bradley, OH 99381",Y,miles
611,Jennifer Jones,152-48-1979,"063 Pace Corners Suite 769
Jacobhaven, CT 21011",Y,miles
612,Anthony Cooper,277-08-2960,"15493 Smith Meadow
Leeside, IA 33767",N,hours
613,Garrett Pollard,009-64-0979,"9341 Flores Run
Daltonton, VT 03082",N,hours
614,Robin Schwartz,506-45-7369,"76012 Anthony Forks
South Catherine, AL 84453",Y,miles
615,Charles Baker,453-65-8377,"02775 Amanda Alley
Walterfurt, NE 61356",Y,miles
616,Barbara Salinas,450-83-8818,"755 Michelle Overpass
South Tammyborough, MP 29500",N,hours
617,Sylvia Robertson,825-91-4876,"438 Nelson Crossroad
Joseview, PW 43085",Y,hours
618,Diane Murillo,362-27-2815,"9814 Dennis Hills
Lake Aaron, MN 69708",N,miles
619,Brenda Gray,004-11-7852,"3733 Suarez Turnpike
South Miguelshire, VI 66861",N,miles
620,Dana Fuller,077-09-6308,"640 Garcia Knolls Apt. 726
Lake Yolanda, NE 04262",Y,miles
621,Craig Hoffman,545-19-4247,"461 Garcia Freeway
Blankenshiphaven, NM 53011",N,hours
622,Darrell Edwards,550-35-9063,"USNS Mccoy
FPO AA 20961",N,hours
623,Meghan Aguilar,004-60-9478,"421 Kelly Groves Apt. 641
Lake Christina, KS 03809",Y,miles
624,Caitlin Banks,814-86-4813,"3620 Crosby Roads
Port Michael, AR 98091",Y,hours
625,Chad Mclean,138-04-5018,"21673 Thornton Plaza
West Michelleborough, IA 35377",N,miles
626,Christopher Williams,570-94-6060,"04919 Irwin Shore Suite 410
Birdmouth, IA 83101",N,miles
627,Alyssa Rivers,847-19-5877,"75190 Keller Mall Suite 166
Bennettborough, NV 56620",N,miles
628,Jimmy Hanson,343-83-8472,"5333 Nguyen Fields Suite 588
Ryanfort, IL 33177",N,miles
629,Eric Barnett,310-60-2453,"57202 Wise Road
Port Gloriachester, MO 91627",N,hours
630,Michael Smith,383-78-9025,"Unit 9548 Box 3441
DPO AA 30663",Y,hours
631,Christopher Evans,728-21-9220,"56437 Terri Garden Apt. 862
East Diane, VI 04432",N,hours
632,Alexis Davis,388-81-0023,"5280 Green Fords Suite 906
West Johnshire, ME 73590",Y,hours
633,Kelly Mccarty,642-21-1811,"066 Brandon Common
East Jackbury, WY 10401",N,miles
634,Sandra Shepherd,348-05-2507,"1187 Hernandez Radial Apt. 247
East Amber, MI 17684",N,miles
635,Kari Zavala,681-56-4130,"409 Andrew Shores Suite 757
Susanberg, MT 10606",Y,hours
636,Pamela Jackson,628-80-1154,"7882 Williams Crossroad Suite 178
Nicholasfurt, SD 13558",N,hours
637,Pam Palmer,112-43-9491,"62388 Hogan Causeway
Port Mariaville, OH 80736",N,hours
638,Miguel Miller,389-08-9568,"5095 Gonzales Mission
Martinezborough, OR 53906",Y,hours
639,Jeffrey Powell,851-80-2141,"28686 Sharp Drives Suite 400
Tammiebury, MH 88567",N,hours
640,Jennifer Davis,260-32-8504,"362 Robert Locks
Lake Ronnie, HI 85804",N,miles
641,Joshua Morales,240-32-5731,"USS Wilson
FPO AP 10118",N,miles
642,Robert Thompson,077-42-8099,"770 Ramsey Stravenue
Carlfurt, MP 15683",N,hours
643,James Miller,018-59-2245,"644 Kimberly Lights
Johnsonmouth, PR 10955",N,miles
644,Bobby Love,851-09-7320,"PSC 2154, Box 2125
APO AA 16075",N,hours
645,Anne Martinez,086-74-9792,"7735 Giles Common
Samuelport, FM 64249",N,miles
646,Richard Robinson,229-41-2684,"8213 Jeremiah Mission
Pattonville, AK 74790",N,hours
647,Michael Vazquez,409-39-9331,"03186 Perez Vista Suite 935
North Jacob, CT 76813",Y,miles
648,Elizabeth Murray,153-64-7167,"175 Brooks Trace Suite 915
Jacquelineside, NE 60168",N,miles
649,Aaron Larson,224-91-6397,"677 Warren Ville Apt. 267
South Mary, WY 92842",Y,miles
650,Rebecca Harper,583-81-7428,"30394 Justin Square
Lake Scottville, SC 55621",N,hours
651,Christina Clarke,402-66-7131,"6530 Bradley Ridge
Susanbury, OK 45947",Y,hours
652,Ashlee Campbell,660-15-9432,"59013 Kyle Viaduct Suite 100
West Matthewfurt, NC 48893",N,miles
653,Michael Beard,883-87-4238,"USNS Short
FPO AE 40869",N,hours
654,Olivia Brown,105-37-8445,"08227 Alexander Cliff Suite 815
Ramirezview, MI 28599",N,hours
655,Noah Brown,895-23-9620,"1636 Michael Inlet
Dunnfurt, AZ 36479",N,hours
656,Michael Jones,002-45-0886,"11863 Smith Courts Suite 339
Mcdonaldchester, DE 61358",N,hours
657,Jason Thompson,033-25-4631,"3155 Andrea Stravenue Suite 797
Mooneyhaven, SC 76526",N,hours
658,Richard Barrett,140-67-7617,"7439 Brown Prairie Suite 890
West Jessica, MT 88494",Y,hours
659,Aimee Burke,325-71-3303,"724 David Branch
Angelamouth, VT 66352",N,miles
660,Jillian Hodges,464-82-1741,"Unit 7257 Box 4656
DPO AP 74756",N,miles
661,Andrew Parks,864-33-3172,"93600 Daisy Manor
North John, KS 52866",Y,miles
662,Amanda Galvan,093-66-7899,"Unit 0714 Box 3592
DPO AP 98550",Y,miles
663,Paula Scott,323-81-0966,"766 Eugene Ranch Apt. 777
Deborahland, MS 25201",Y,miles
664,Mary Sanders,091-06-5512,"793 Kelly Ford Apt. 778
South Nancyport, NV 32286",N,miles
665,Lance Hanson,348-74-0912,"540 Li Keys Suite 861
Port Loriview, OK 37213",Y,hours
666,Kelly Richardson,684-75-8985,"777 Alexander Junctions Apt. 084
South Christopher, TX 84908",N,miles
667,Elizabeth Rios,121-13-6298,"355 Denise Oval
East Whitneyfurt, WY 18872",Y,miles
668,Sandra Webster,367-42-1890,"723 Ford Bridge Apt. 409
Lake Timothyberg, DE 21414",N,hours
669,Amber Mcclure,146-20-4201,"508 Thompson Burgs Suite 578
East Patrickview, GA 99605",Y,hours
670,Mary Joseph,242-65-4547,"USNV Luna
FPO AA 26361",N,hours
671,Jennifer Dodson,300-94-7800,"PSC 5239, Box 3022
APO AE 96342",N,miles
672,Victoria Ramirez,534-50-5172,"179 Jarvis Fall
New Matthew, MO 23716",N,miles
673,Matthew Dunn,046-19-0269,"2391 Scott Brooks
Port Jared, PW 35672",Y,hours
674,Karen Mccullough,802-78-4522,"843 Blake Roads Apt. 897
East Marychester, KY 49983",N,hours
675,William Mack,242-27-5550,"702 Reyes Keys Apt. 166
East Alyssa, PR 83576",Y,miles
676,Amy Dominguez,077-23-3097,"1352 Joan Well Apt. 310
East Andre, VT 03367",N,miles
677,Grace Perez,526-29-5525,"9373 Mary Rest Apt. 969
West Elizabeth, IA 69543",Y,hours
678,Matthew Carter,096-26-9943,"PSC 7020, Box 0922
APO AA 23466",Y,miles
679,Jermaine Ball,840-42-1546,"839 Sanchez Corners Suite 658
Michelleview, NY 91098",N,miles
680,James Cooke,297-37-9451,"1937 Rachel Turnpike
East George, AZ 56923",N,miles
681,William Nguyen,227-14-9761,"9421 Peterson Curve Suite 379
Bryantbury, TX 36654",N,hours
682,Jacob Gaines,771-44-6414,"8504 Bryan Dale Apt. 266
Paulborough, PR 20857",Y,miles
683,William Juarez,464-65-7220,"130 Olson Prairie Apt. 341
Port Hannahshire, MH 42897",Y,hours
684,Johnny Le,308-02-1071,"Unit 1720 Box 9510
DPO AE 91597",Y,hours
685,Matthew Velez III,765-11-7856,"Unit 4371 Box 1053
DPO AE 49569",Y,miles
686,Richard Patterson,646-71-9436,"126 Bell Freeway
West Raven, HI 75457",Y,miles
687,Brian Stewart,282-41-8891,"PSC 5276, Box 3895
APO AA 08102",Y,miles
688,Robert Johnson,136-28-8233,"063 Tucker Burg
Juarezbury, AS 74829",N,hours
689,Alyssa Dodson,634-61-0673,"3110 James Grove Suite 666
Jillhaven, DE 81106",Y,hours
690,Sandra Jones,211-26-6828,"Unit 1575 Box 4765
DPO AA 94434",N,miles
691,Katrina Wilkins,567-04-4894,"53126 Silva Forks Apt. 492
Gregoryview, WY 85755",N,hours
692,Marcus Brooks,714-07-2564,"24438 Karen Hollow
Fostertown, MP 87678",N,hours
693,Emma Briggs,151-10-1777,"30606 Benjamin Rapids
North Daniellemouth, VT 25518",N,miles
694,Renee Carter,173-23-3413,"71047 Garrett Radial Apt. 823
Saraport, DE 03476",Y,hours
695,Hannah Watson,629-29-7763,"4775 Williams Circles Suite 553
East Patrickchester, NH 21945",N,miles
696,Kyle Williams,234-50-0600,"406 Bryant Landing Apt. 399
Kimstad, FL 79613",Y,hours
697,William Diaz,864-70-3585,"7958 Brown Groves Suite 686
Lisastad, UT 71731",Y,miles
698,Vincent Hart,390-33-1952,"61206 Gregory Haven Suite 206
Chasetown, OK 16649",N,hours
699,David Thompson,675-16-3715,"4299 Walton Harbors Apt. 913
Patrickfort, RI 52921",Y,miles
700,Tracy Knapp,701-46-8690,"587 Roger Circles
Johnsonland, AK 44797",Y,hours
701,Steven Morgan,403-97-7624,"4969 Jessica Crossroad Apt. 520
South Kevinfort, AL 65998",N,hours
702,Phillip Chapman,436-55-8976,"7906 Salinas Coves Apt. 991
South April, WI 74954",N,miles
703,Patrick Hoffman,278-58-8793,"2417 Clarke Points Suite 924
Valeriechester, UT 02906",N,hours
704,David Thomas,005-02-2996,"5955 Elizabeth Orchard
Patelland, VT 33367",Y,miles
705,Cindy Wolfe,622-28-9919,"Unit 7115 Box 5730
DPO AE 79197",N,miles
706,Andrew Brown,849-40-9003,"423 Carol Rue Suite 531
New Andrewtown, ME 46886",Y,hours
707,Teresa Banks,297-83-8532,"15384 Alvarado Mission Apt. 397
North Ginaside, ME 53174",N,miles
708,Wendy Boone,837-88-6100,"26666 Steven Shore Apt. 271
Annatown, AZ 45337",N,miles
709,Denise Andrews,413-65-7505,"243 Crystal Extension Suite 868
Port Reginald, CT 86012",Y,miles
710,Kimberly Myers,673-43-5596,"58633 Ballard Orchard Suite 669
New Jonathan, KY 75072",N,miles
711,Phillip Castillo,724-43-1466,"0733 Juan Squares
North Randallburgh, WI 80274",N,miles
712,Sandra Davidson,607-03-0594,"1086 Cynthia Keys Apt. 751
West Autumnchester, GU 15676",Y,hours
713,Alex Harrington,029-47-5837,"04392 Macias Drives
Karenfort, MS 18942",Y,miles
714,David Bush,758-40-5376,"64136 Kelsey Highway
West Daniel, NM 33823",Y,miles
715,Troy Parsons,072-91-0846,"02246 Ashley Glens
Samuelchester, MS 52319",N,miles
716,Tonya Woods,506-07-1318,"8336 Kimberly Ridge Apt. 662
New Jamesstad, PA 42437",Y,hours
717,Kathleen Welch,638-89-5611,"34354 Patton Park
Lake Chelsea, FM 96292",N,miles
718,Jonathan Coleman,308-07-3654,"5913 Melissa Causeway
Erichaven, FL 55685",N,hours
719,Alex Warren,381-76-6246,"USNV Farley
FPO AE 38236",N,hours
720,Jennifer Jackson,844-63-2341,"71925 Phelps Parkway
New Joan, WI 99310",N,hours
721,Kimberly Castillo,038-95-3279,"120 Kayla Extension Apt. 933
South Victoriafort, AR 89371",Y,hours
722,Amber Lee,806-28-0843,"9302 Holly Stravenue
Stewartshire, UT 34667",N,miles
723,Richard Armstrong,146-58-7001,"6059 Waters Trace
Port Kenneth, MI 27018",N,hours
724,Edward Mcfarland IV,060-71-3033,"73336 Corey Mountain Suite 969
West Bradley, WI 48216",N,hours
725,Marc Wilkinson,398-76-0349,"5967 Meyer Mission Apt. 909
Gabrielchester, CO 54920",Y,miles
726,Katie Brown,579-41-8953,"11733 Dorsey Branch
Michelleborough, VT 03004",Y,miles
727,Katherine Hamilton,504-24-7079,"5348 Elizabeth Valleys
Thomasport, SC 48517",Y,hours
728,William Henry,768-78-7044,"5919 Jessica Course Apt. 424
Parsonsstad, DC 30840",N,hours
729,Joseph Guerrero,775-58-0870,"064 Roberts Springs Apt. 928
Hernandezbury, MD 87537",N,hours
730,Charles Blankenship,771-89-2417,"Unit 1329 Box 2125
DPO AE 59143",N,hours
731,Robert Glover,868-86-0701,"7410 Angelica Curve Suite 758
Richardsonfurt, HI 71853",N,miles
732,Danielle Johnson,541-25-7260,"847 Jones Orchard Suite 034
North Kyle, NH 36572",N,miles
733,Terri Collins,298-57-3065,"232 Richards Tunnel
Marshfurt, MS 25704",Y,miles
734,Alexandra Holt,421-36-8409,"1701 John Ranch Suite 031
North Billyside, MD 06861",Y,miles
735,Sonia Knight,653-51-4014,"43388 Ellen Circles
Townsendborough, TN 92632",Y,miles
736,Jerry Phillips Jr.,335-74-2766,"9164 Elizabeth Islands
Sotoville, AS 66892",Y,miles
737,Angela Clark,124-50-3066,"95246 Smith Fields
Whiteheadtown, AZ 03754",N,hours
738,Reginald Melendez,450-90-6792,"1469 Blackwell Crossroad Apt. 042
South John, GU 69194",Y,miles
739,Susan Henry,210-23-4705,"336 Timothy Shores
Christinaside, KY 52376",N,hours
740,Eileen Donovan,180-74-4286,"78143 Miller Plains Suite 937
Monroeview, WI 36721",Y,miles
741,Kimberly Nelson,055-51-9022,"926 Smith Coves Suite 382
Lake Aaronland, MP 13819",Y,hours
742,Laura Chaney,439-35-3079,"1094 David Neck Apt. 556
North Joseph, NM 82667",Y,hours
743,Brandon Buchanan,773-95-1589,"533 John River
Cathyside, NJ 84241",Y,miles
744,Christopher Martinez,787-42-6391,"40797 Rios Corner Apt. 496
East Jessicaburgh, AK 05244",N,miles
745,David Cooper,345-55-0864,"USNS Moore
FPO AA 97745",Y,miles
746,Rachel Gray,670-27-7987,"13332 Michelle Plaza Suite 777
Jennifermouth, AL 82509",Y,hours
747,Michelle Green,755-36-2698,"68521 Brandi Meadow
Norrisberg, IA 48065",N,miles
748,Heather Smith,624-70-6070,"1822 Kristen Park Suite 227
East Toddview, PA 27037",N,hours
749,Juan Miles,826-31-6505,"825 Williams Harbor
Smallfort, AS 01504",N,miles
750,Deanna Brown,840-95-9189,"939 Alice Station
Tiffanyton, MS 47631",N,hours
751,Lisa Wood,448-78-4277,"205 Webb Mountains
North Geraldchester, OK 34468",Y,miles
752,Matthew Campbell,649-02-0943,"24500 Gonzales Street Suite 694
Moorehaven, CT 28505",N,hours
753,Samantha Peters,034-52-0607,"608 Rodriguez Burgs Suite 284
Michaelland, WY 92989",N,miles
754,Katie Reynolds,372-65-9367,"03402 Rosales Point
Port Leon, TN 91747",N,hours
755,Randy Robinson,767-79-6178,"424 Joseph Locks Apt. 035
Nicoleberg, IN 54993",Y,miles
756,Patricia Bell,050-08-2975,"4028 Chelsea Ramp Suite 293
East Emily, DE 05717",N,miles
757,Rachel Cook,221-02-2740,"8403 Jennifer Circle Apt. 489
Robertburgh, MD 78427",Y,miles
758,Mr. Justin Wilcox MD,275-13-1972,"2145 Ballard Locks
South Jesseview, OH 06259",Y,miles
759,Bradley Joyce,238-17-7177,"PSC 4017, Box 8913
APO AA 64997",Y,miles
760,Timothy Waters,397-97-0349,"4879 Amber Common Apt. 657
Lake Michelle, OK 38307",Y,hours
761,Scott Ho,517-15-2029,"Unit 5128 Box 2360
DPO AE 51985",Y,hours
762,Aaron Johnston,378-29-8404,"3272 Day Way
North Kennethfort, MI 63477",N,miles
763,Brett Acosta,489-38-8493,"USNV Cole
FPO AE 69394",Y,hours
764,Kristen Chung,505-98-6867,"Unit 9261 Box 5923
DPO AP 11333",N,hours
765,Dr. Brian Barnes,527-76-4227,"5632 Richardson Parks
Patricktown, ND 53491",Y,hours
766,Jessica Bright,732-52-2185,"15309 Kane Lodge
Coxfort, SD 96332",N,miles
767,Blake Williams,008-53-5351,"5503 Andrews Cove
Frenchport, CT 22575",Y,miles
768,Vickie Morris,889-91-0864,"705 Williams Plains Apt. 541
Katelynton, VT 74166",Y,miles
769,Brian Gonzalez,778-65-4167,"669 Martin Junctions Apt. 339
Jasminemouth, AR 19756",Y,hours
770,Tammy Montoya,788-97-2926,"PSC 9861, Box 1420
APO AE 87516",N,hours
771,Kelly Ponce,248-39-4959,"5149 Rachel Pike Apt. 131
Pattersonton, KS 59274",N,hours
772,Steve Barnes,509-91-3392,"98956 Laura Stravenue Suite 716
Williamville, KS 16464",N,hours
773,Angela Callahan,598-86-1107,"84550 Mike Mall Suite 203
East Angelaberg, VA 84039",Y,hours
774,John Johns,299-83-8093,"80839 Harris Lane
Garciamouth, NE 76331",N,miles
775,Vincent Bowman,515-68-1886,"632 Gray Union
South Allisonport, NY 50836",N,hours
776,Kelsey Bailey,482-33-6683,"4233 Stephanie Mission Apt. 921
Andersonberg, WY 09497",N,miles
777,Albert Wright,644-29-7967,"6914 William Club
South Michaelmouth, ID 60264",Y,miles
778,Wendy Nunez,730-90-4103,"909 Michael Shoal Apt. 767
Thomasbury, HI 02592",Y,miles
779,Michael Kaufman,770-70-3482,"8540 Jeffrey Crest
Lake Phillip, DE 59905",N,miles
780,Cole Nguyen,096-86-6780,"667 Kathy Expressway Apt. 580
Lake Kevin, VA 77758",N,hours
781,Sharon Hutchinson,520-60-8566,"18244 Megan Ranch Apt. 980
New Sheilafort, OH 44262",N,hours
782,Kristen Mcmahon,747-45-8529,"586 Gonzalez Hollow Apt. 615
Johnfort, TN 97807",N,hours
783,Zoe Parker,239-08-9568,"1047 Ellen Groves Suite 470
Beasleymouth, MN 68087",Y,hours
784,Joanne Bernard,790-58-6093,"PSC 8245, Box 8798
APO AP 66930",N,miles
785,Amanda Russell,664-49-4723,"1208 Jose Trail
Floresshire, DC 65681",Y,miles
786,Nicholas Branch,013-34-8408,"0254 Cordova Lane
New Paulhaven, CO 67533",N,hours
787,Mia Oneill,792-47-8021,"641 Joseph Ranch Suite 999
Josephton, NE 82943",Y,miles
788,Mrs. Kathleen Bennett,623-75-6373,"9645 Mendoza Green Suite 577
Cardenasborough, TN 44340",N,miles
789,Matthew Riddle,134-28-9964,"998 Welch Pass Suite 662
North Jamesville, MI 69503",Y,hours
790,Angel Macias,541-44-4936,"095 Taylor Divide Apt. 866
West Kelly, SC 28173",N,miles
791,Jay Bell,551-20-7653,"695 Burgess Pike
Carlsonhaven, WA 04256",Y,miles
792,Laura Wade,588-98-2391,"761 Rivera Forge
North Ashley, CO 17272",Y,hours
793,Yolanda Ortiz,155-48-6953,"2105 Johnson Ways
Williammouth, MN 26949",N,miles
794,Jason Romero,012-72-5057,"7166 Baker Ferry Apt. 826
Stonestad, NC 51400",N,hours
795,Debra Roberson,566-09-9344,"59668 Ramos Garden
North Aaron, OR 55729",N,miles
796,Madison Gonzales,593-55-3213,"470 Amanda Throughway Apt. 418
New Amy, HI 67198",N,hours
797,Lisa Brooks,753-11-6245,"870 Nelson Street Apt. 225
East Mark, SD 26282",N,hours
798,Dr. Amber Juarez,276-76-2899,"39237 Campbell Point Apt. 558
Victormouth, OR 82627",Y,miles
799,John Bean,220-30-8991,"940 Kim Village
Amandashire, GU 72873",N,miles
800,Megan Rivera,571-32-8729,"214 Curtis View Suite 316
Williamsborough, SC 44222",Y,miles
801,Kimberly Soto,190-37-4138,"785 Hannah Branch
South Joshua, IL 69551",N,miles
802,Stuart Novak,808-72-2616,"4421 Rachel Island Suite 434
New Hunterville, MO 38769",Y,hours
803,Katelyn Underwood,411-10-5883,"5466 Cory Greens
Port Ariel, SD 26699",N,hours
804,Joseph Brown,115-47-6200,"941 Richardson Forges Suite 603
Emilyland, MT 50473",N,miles
805,Terry Vega,007-68-1112,"071 Walker Island Suite 060
Pamelaberg, LA 96270",Y,hours
806,Matthew Shepherd,839-42-4319,"86406 Karen Port Suite 103
Wilsonton, ME 19029",N,miles
807,Belinda Bond,343-09-8491,"659 Ashley Common
West David, PA 58391",N,miles
808,William White,199-79-0911,"33186 Clark Hill
Cindyfurt, OK 91570",N,hours
809,Janice Rojas,361-12-8187,"084 Ryan Fall Suite 807
New Michael, UT 84520",Y,hours
810,Amy Davis,870-77-5028,"USCGC Hendricks
FPO AE 73321",N,hours
811,Andrew Hill,608-70-2088,"1898 Gregory Manors Apt. 309
Brownborough, AZ 66144",N,hours
812,Julia Silva,015-50-0956,"62121 Barbara Freeway
East Kathrynview, DE 71855",N,miles
813,Abigail Acosta,387-31-1196,"52280 Knapp Parks Apt. 765
North Susanchester, IL 90652",N,hours
814,Jason Gordon,124-12-9767,"96012 Sarah Cove
Macdonaldview, NY 04977",N,miles
815,William Harris,823-93-4407,"Unit 4324 Box 1552
DPO AA 06836",N,miles
816,James Hill,627-72-4228,"225 William Crescent Apt. 681
Velasquezberg, IA 82938",N,hours
817,Brian Bell,273-01-4249,"6599 Kimberly Wells
Scottberg, WY 01394",N,miles
818,Matthew Sutton,895-71-0771,"USNS Cruz
FPO AP 42761",Y,hours
819,Kerri Burnett,608-40-3850,"86675 Heather Spring
Port Cynthiamouth, UT 98403",Y,hours
820,Jason Mendez,780-01-2798,"9399 Williams Port Suite 949
Wongstad, WA 33108",N,miles
821,Kristina Johnson,336-03-3109,"67025 Montgomery Harbors
Wandabury, FL 56797",Y,miles
822,Steven Harris,605-99-8188,"29099 Taylor Lodge
Lake Marvin, WI 76925",Y,miles
823,Elizabeth Jones,346-07-2648,"7332 Julia Dam
New Christopher, TN 39299",N,miles
824,Vernon Alvarado,775-10-6038,"USS Stone
FPO AE 91295",Y,hours
825,Peter Sanchez,654-53-3589,"8722 Jim Shoal
Williamhaven, CO 20747",Y,miles
826,Eric Pacheco,255-98-3676,"572 Payne Streets Apt. 308
East Peggy, PW 99411",Y,miles
827,Cindy Sanchez,750-63-8896,"39195 Lewis Roads Apt. 234
East Alexanderville, VT 18868",N,miles
828,Joshua Braun,637-17-3862,"54393 Stephen Mission Suite 575
Ashleymouth, WY 28749",Y,miles
829,Mallory Chandler,328-44-3959,"074 Ellis Fall
Bellview, VT 89453",N,miles
830,Dylan Miles,179-11-2464,"033 Meza Stream Apt. 246
New Patrick, FL 79235",N,miles
831,Paul Cruz,186-72-9949,"56094 Samuel Mountains Apt. 078
Brandonchester, PR 01829",Y,hours
832,Martin Huang,626-74-6333,"300 Harrison Skyway Apt. 461
Brooksshire, MO 46716",N,hours
833,Amy Rangel,337-35-7695,"74728 Wendy Skyway
Carolton, KY 19077",Y,miles
834,Cody Burke,723-20-2166,"341 Oscar Bypass Apt. 880
New Derekside, OK 30753",N,miles
835,Amber Spears,830-63-6987,"169 Charles Light Apt. 700
New Raymondfurt, AK 16182",N,hours
836,Rachel Garcia,451-99-9424,"16229 Bailey Islands Suite 163
Jefferyport, CT 65043",Y,miles
837,Jorge Campbell,253-70-8808,"68486 Pratt Meadows
Port Emilyfort, FM 12353",Y,hours
838,Susan Walsh,074-26-4220,"00544 Christopher Pines
Port Scottborough, NY 60556",Y,hours
839,Shelley Nelson,883-93-9268,"94365 Jorge Mills Suite 400
West Janet, NC 72811",N,hours
840,Jessica Rodriguez,167-73-7623,"Unit 8553 Box 3056
DPO AP 08505",Y,miles
841,Edward Wong,143-09-0120,"974 Mosley Cove Suite 262
West Tannerport, WA 70295",N,miles
842,Peggy Boyd,311-36-9711,"72557 Stephanie Lodge Suite 579
East Christopher, NM 50186",Y,hours
843,Scott Alexander,091-33-6371,"37627 Michael Ferry
Spencermouth, GA 30401",Y,hours
844,Manuel Houston,093-17-2745,"91059 Amber Highway Apt. 326
West Jeremyhaven, MT 03775",N,hours
845,Angela Velasquez,456-15-2346,"18138 Rhonda View Suite 887
Amandaport, UT 28581",Y,hours
846,William Bishop,175-12-1118,"772 Christopher Mews
Smithview, IN 45654",Y,hours
847,Matthew Reyes,138-20-1113,"418 Kathleen Knolls
Fordton, VI 21219",N,hours
848,George Austin,017-94-6785,"58005 Stephens Falls
Maryside, IA 76960",Y,hours
849,Jacqueline Ho,740-83-3110,"84016 Chad Parkway
Stephensonstad, VT 83596",N,miles
850,Ethan Park,388-22-7097,"78258 Nichols Corners
Christopherview, MN 68318",N,miles
851,Christopher Carson,496-30-3588,"17662 Stacey Rapid Apt. 295
New Erika, MH 38127",N,hours
852,Diane Jones DVM,072-17-4455,"0074 Robert Terrace Apt. 158
North Martin, NE 98762",N,miles
853,Stephanie Stephenson,547-79-7013,"42339 Crystal Extensions
East Carrie, NE 26386",Y,hours
854,Matthew Johnson,247-94-2689,"5102 Tara Ramp
North Reneeburgh, ID 92936",Y,hours
855,Connie Harris,800-70-6803,"346 Proctor Dam
Lake Samanthaport, ME 36006",N,hours
856,Mrs. Teresa Becker,625-59-1086,"05332 Joseph Turnpike Suite 978
Marcusborough, MT 53713",N,hours
857,Jeremy Obrien,623-13-7873,"53047 Olson Fork
West Alexishaven, PR 80600",Y,hours
858,Leslie Thompson,242-90-2248,"Unit 9444 Box 0147
DPO AA 85933",N,hours
859,Elizabeth Allen,567-35-3460,"687 Harrison Streets Apt. 557
New Lisa, AL 53623",N,hours
860,Donna Mcclain,241-78-3629,"7154 Kaitlyn Trail
Port Katherineville, WA 34336",Y,miles
861,Angela Morrison,680-99-5411,"45028 Brown Center Apt. 782
Paulaton, AR 44647",Y,hours
862,Ryan Nolan,487-74-5790,"325 Jason Point
Shafferport, KY 71033",N,miles
863,Ashley Fischer,262-74-7967,"86852 Dominic Hills Apt. 337
Bradburgh, PR 49903",N,miles
864,Tommy Wilson,798-96-1125,"77854 Hines Corner Apt. 821
Lake Timothy, ME 20811",N,miles
865,Patricia Valencia,141-20-6142,"52406 Rosales Meadow Suite 090
North Kelly, KY 86932",Y,hours
866,Margaret Rodriguez,368-46-5391,"8405 Sean Manor Suite 936
Tapiamouth, MH 07909",N,hours
867,Ryan Hubbard,716-37-3002,"956 Theresa Ridge Apt. 383
New Crystal, NJ 65076",N,hours
868,Christina Blankenship,454-46-5714,"363 Hampton Dale Apt. 765
Marquezview, MS 66632",Y,miles
869,Kurt Cruz,432-32-4158,"14316 Parsons Junction
Brownburgh, OK 53016",Y,hours
870,Lawrence Jackson,342-64-7270,"Unit 0014 Box 1355
DPO AA 05328",N,miles
871,Colton Barr MD,885-33-7196,"008 Jodi Loaf Apt. 019
Griffithmouth, NY 46805",Y,miles
872,Valerie Taylor,119-31-1235,"77729 Williams Gardens
South Alexanderborough, PR 19443",Y,hours
873,Kimberly Howe,655-19-8299,"655 Perry Fort Apt. 603
Peterfort, WV 66365",Y,miles
874,Matthew Ball,530-06-8928,"260 Nguyen Club Apt. 216
Jasonton, IL 38202",Y,miles
875,Jacqueline Smith,337-04-5404,"Unit 7328 Box 8417
DPO AE 94773",N,miles
876,James Hall,183-23-6906,"917 James Spring Apt. 434
Sabrinaton, AR 48792",Y,miles
877,Matthew Hernandez,810-05-0412,"Unit 1253 Box 1565
DPO AA 69942",N,hours
878,Sandra Roberts,227-72-3575,"Unit 9964 Box 1204
DPO AE 45506",N,hours
879,Jason Singleton,330-21-1175,"094 Adam Fork Apt. 707
Bryantfort, WA 47184",N,miles
880,Gail Salazar,380-62-6806,"USCGC Thomas
FPO AP 05249",N,miles
881,Keith Young,743-50-7747,"7259 Velasquez Landing
South Lauraborough, SD 63751",N,miles
882,Denise Rasmussen,522-56-5240,"Unit 8156 Box 4829
DPO AP 64221",Y,hours
883,Cheyenne Wong,393-59-2294,"63722 Garcia Summit Suite 144
Jeremyland, MO 62292",Y,miles
884,Kenneth Hamilton,701-08-1422,"50914 Amanda Courts Apt. 285
Traceyland, NC 92537",N,hours
885,Rachel Dean,730-12-5693,"07555 Flores Falls
Frederickton, RI 26983",N,hours
886,Kristen Davis,613-98-4489,"0180 Regina Via
South Paulberg, OR 92411",Y,miles
887,Dawn Houston,650-95-6721,"2401 Fleming Heights
East Paul, UT 17934",N,miles
888,Annette Reed,264-83-8406,"6470 Carter Plaza
Kellyville, PA 58583",Y,hours
889,Jessica Wilson,085-84-4394,"4593 Lane Unions Suite 752
Michaelshire, OH 93170",N,miles
890,Justin Barron,603-44-9555,"5102 Wilcox Ridge Suite 437
East Williamfurt, MI 41585",Y,hours
891,Ethan Davis,141-24-7445,"PSC 9829, Box 8426
APO AP 01778",N,hours
892,Thomas Velazquez,496-30-3000,"8443 Gentry Village
Moralesburgh, VA 11386",N,hours
893,Ryan Ryan,193-21-8532,"36260 Vincent Bridge Suite 444
Gonzalesburgh, WI 00580",N,miles
894,Laurie Allison,565-88-3073,"734 Ramos Ways Suite 501
North Lisatown, MT 92091",N,hours
895,Christine Mann,012-15-3437,"10251 Kaitlyn Mill
Sanchezchester, MI 22482",Y,miles
896,Sean Warner,373-90-3871,"072 Courtney Glen Suite 504
Bernardmouth, WI 88011",Y,miles
897,Duane Anderson,847-76-7298,"967 Hood Center Apt. 816
Wilsonborough, MS 39019",Y,hours
898,Jessica Peterson,176-79-5583,"9224 Galvan Street
Adrianastad, IL 60389",N,miles
899,Kimberly Sandoval,106-33-9655,"7259 Hill Avenue
New Amandaland, DC 10332",Y,hours
900,Corey Jordan,153-59-7919,"4903 Swanson Estate
Stephensburgh, MH 54310",Y,hours
901,Heather Lara,768-90-6973,"2158 Morales Shores Suite 444
Lake Jacob, KY 81293",Y,hours
902,Kelli Miller,085-49-6234,"6553 Susan Ports Apt. 899
North David, MT 51270",Y,miles
903,Joseph Smith,743-52-3941,"868 Michael Avenue Apt. 350
Mooreburgh, CA 87199",N,hours
904,Justin Hamilton,788-61-5879,"721 Espinoza Trail
Dianeberg, MN 98763",N,hours
905,Russell Walker,322-40-2645,"30918 Davis Spur Apt. 906
Marktown, NC 63736",N,hours
906,Tyler Lopez,036-09-6373,"840 Tammy Coves Suite 302
Rogersborough, NM 94240",N,miles
907,Ronald Rose,504-15-3965,"543 Ricardo Brooks Suite 650
Bowmanport, LA 83455",Y,hours
908,Scott Wilkerson,857-06-7070,"76259 Thompson Walks
Edwardberg, AS 80489",Y,miles
909,Erika Morse,458-92-9107,"16345 Christopher Trace
Port Michaelshire, CO 95856",N,hours
910,April Fields,827-10-1744,"720 Tony Flats
Garciamouth, KS 09299",N,hours
911,Sherry Willis,286-43-8214,"35318 Heather Islands Apt. 938
Krausemouth, MI 28726",Y,miles
912,Stephanie Kelly,647-66-9451,"345 Brown Point
South Susan, NC 64332",N,hours
913,Victor Williams,090-13-8439,"PSC 1048, Box 0107
APO AE 55226",Y,miles
914,Sheryl Thompson,749-40-9372,"Unit 2691 Box 4638
DPO AA 20288",N,miles
915,Patricia Jefferson,608-94-2784,"Unit 7148 Box 5381
DPO AA 22817",Y,hours
916,Lindsay Clarke,202-42-0937,"8532 Hudson Valley
Burnshaven, MT 65120",Y,miles
917,Pamela Thomas,481-55-6793,"789 Renee Garden Apt. 428
West Kenneth, WI 50784",N,hours
918,Caroline Garcia,520-74-6886,"471 Walter Canyon
Humphreyport, DC 93153",N,miles
919,Brad Sanders,278-47-1199,"50372 Gordon Burg Suite 956
Reesebury, IN 38440",Y,miles
920,Lawrence Thomas,678-63-2290,"28418 Christopher Coves
North Brandonside, KS 82420",Y,hours
921,Jonathan Pennington,174-22-7547,"2528 Ortega Underpass
Lake Maxtown, MS 22898",N,hours
922,Justin Webster,786-45-8411,"11759 York Flats Apt. 222
North Sarah, OK 23376",Y,hours
923,Bobby Greene,645-35-4770,"8616 Simpson Loop Apt. 880
Jennaburgh, MD 17437",Y,miles
924,Virginia Moss,476-22-5947,"38156 Castillo Overpass Suite 854
Carlfort, CO 10345",Y,hours
925,Tyler Murphy,443-26-2515,"79836 Dale Isle
Marissatown, GA 14715",N,hours
926,Matthew Rodriguez,046-83-9426,"USCGC Werner
FPO AA 87692",Y,hours
927,Jessica Bryant,709-31-0420,"428 Diana Oval
Carriefurt, AR 40071",N,hours
928,Robert Juarez,350-20-8775,"8103 Kent Port Apt. 622
Holmesside, MA 78307",Y,miles
929,David Thomas,807-28-8241,"2641 Carolyn Gardens Apt. 831
Patriciabury, MP 98764",Y,hours
930,Tina Small,357-95-8330,"01192 Lori Spring
Beanhaven, AR 69295",Y,miles
931,Megan Hayes,168-15-7717,"44685 Delacruz Place Apt. 620
North Jessica, GU 35766",Y,miles
932,Cheryl Carter,572-82-0993,"831 Hernandez Street Apt. 280
New Victoria, DE 63196",N,hours
933,Hayley Garcia,322-13-0212,"72555 Aaron Crossroad Suite 412
Port William, UT 36199",Y,miles
934,Joann Price,075-64-2382,"8287 May Square Apt. 190
South Ginaborough, HI 11567",N,miles
935,Michele Boyd DDS,630-55-7381,"PSC 7588, Box 9056
APO AA 14654",N,miles
936,Brian Mcclain,819-84-1032,"1258 Adam Alley
Jessicaberg, ID 55063",N,hours
937,Shannon Sims,438-89-8229,"31725 Payne Wall
Justinfurt, KS 83785",Y,miles
938,Kurt Williams,416-25-4348,"01270 Ellis Harbor Suite 419
South Michael, MN 05742",N,hours
939,Michael Bowman,291-38-8067,"2591 Adams Plain Suite 750
New Mary, TX 51736",N,hours
940,Rodney Chan,010-11-2322,"662 Clark Squares Suite 629
Johnnyborough, WI 77758",Y,hours
941,Karl Roberts,645-83-6538,"86303 Martin Motorway Apt. 383
Lake Craig, IN 93788",Y,miles
942,Brian Gonzales,865-01-2411,"859 Sandra Hill Suite 285
Lake Kelly, KY 56226",N,miles
943,Tiffany Arellano,055-66-9488,"PSC 8945, Box 8133
APO AP 64767",N,miles
944,Thomas Goodwin,100-78-6965,"3113 Christian Rapid Apt. 624
South Jenna, AZ 33306",Y,miles
945,Julie Nelson,693-56-4468,"98595 Short Squares Suite 935
North Jacob, KY 30876",Y,hours
946,Sabrina Chapman,649-11-0544,"1353 Nicholas Center
West Bryanfurt, CT 90494",Y,miles
947,Brian Wilson,627-77-0670,"PSC 3969, Box 1979
APO AE 78503",Y,hours
948,Travis Carr,403-01-9529,"6095 Jacob Falls Suite 318
Wheelerview, HI 09398",Y,hours
949,Lindsay Stout,878-49-3304,"899 Shaw Dale
Ralphfurt, GU 46783",Y,miles
950,David Jackson,845-61-6048,"7832 Chris Junctions
Nicoleton, DC 23199",Y,miles
951,Anthony Robinson,769-33-3390,"305 Sheila Glens Suite 755
Anthonymouth, PR 98465",Y,miles
952,Randy Sherman,306-16-4009,"Unit 5366 Box 5793
DPO AP 72486",Y,miles
953,Juan Washington,754-18-2168,"2727 Espinoza Streets Apt. 466
Williamsfurt, MD 95750",N,hours
954,Seth Edwards,164-82-3521,"USCGC Williams
FPO AA 25757",N,hours
955,Maria Ortiz,456-36-3414,"5822 Hahn Isle
Wallerhaven, OH 10751",N,hours
956,Elizabeth Anderson,469-37-9124,"064 Evans Ranch Apt. 715
Pearsonchester, KS 52539",Y,hours
957,Amanda Dixon,286-26-4687,"4270 Adrian Curve
Christianhaven, VT 19449",N,miles
958,Janice Rivas,220-29-6062,"461 Davis Rest Apt. 182
New Amandamouth, MN 51921",Y,hours
959,Tracey Yates,367-96-4844,"PSC 2445, Box 2500
APO AA 73590",Y,hours
960,Matthew Cox,741-50-8293,"23129 Bradley Port
South Paul, NM 25982",Y,hours
961,Tyler Mathews,780-48-5522,"956 Perez Vista
Michaelborough, FM 57395",N,hours
962,Cody Shepard,808-34-3192,"299 Miller Lake
Lake Christianburgh, DC 54445",Y,miles
963,Margaret Thomas,705-59-7451,"7734 Mary Ridges Apt. 049
Taylorhaven, IL 98021",N,hours
964,Cody Wilson,569-96-3524,"36085 Bell Curve
Davidmouth, KS 59787",N,hours
965,Christopher Simon,538-82-9817,"44939 Johnson Oval Apt. 313
North Chadmouth, MH 73192",Y,miles
966,Jessica Taylor,508-60-6314,"557 Wallace Hill Apt. 669
Saratown, OH 28331",N,hours
967,Richard Madden,021-23-6661,"3542 Smith Lodge Apt. 999
Marioberg, OK 16252",Y,miles
968,Paul West,588-65-6887,"469 Christopher Keys
South Karlfort, MP 15375",Y,miles
969,Megan Valdez,720-86-3713,"736 Kyle Isle Suite 076
Bruceport, AR 23803",Y,hours
970,Michael Smith,117-29-3989,"7473 James Springs
New Adrienne, DE 95659",N,miles
971,Jeffrey Neal,340-55-7737,"42555 David Court Apt. 479
Coxborough, HI 23473",N,miles
972,Brenda Gallagher,678-90-0722,"7279 Chase Curve Suite 455
Cathyfurt, CO 95718",N,miles
973,Diana Ryan,079-86-3800,"Unit 4099 Box 8597
DPO AP 86415",Y,hours
974,Brandi Mcbride,727-91-9165,"03912 Odonnell Mission Apt. 793
West Ana, PW 56421",Y,miles
975,John Fisher,429-89-6763,"95148 Hernandez View Apt. 793
Thomasshire, VI 45883",N,miles
976,Brian Wood,256-04-1499,"5530 Rodriguez Fork
East Mary, AK 26420",N,hours
977,Mark Dixon,456-77-4810,"73748 Acevedo Expressway Suite 798
South Charlesstad, MS 80826",N,hours
978,Joseph Richardson,506-12-8879,"14330 William Springs
Jasonview, NY 12418",Y,miles
979,Anthony Washington,598-19-9393,"PSC 7177, Box 3586
APO AE 14286",Y,miles
980,Adrian Waters,329-13-9768,"1567 Cynthia Lodge
Patrickport, NM 65064",N,miles
981,Claire French,170-66-5184,"205 Matthew Passage
Jonathanhaven, MA 40514",N,miles
982,Brandon Marsh,095-44-6654,"Unit 1187 Box 6890
DPO AA 26758",N,hours
983,Danny Branch,123-44-6174,"225 Judy Canyon
Russellmouth, MO 50231",N,miles
984,Nicholas Jones,585-33-7459,"8794 Becky Pass Apt. 682
Teresaport, LA 59352",Y,hours
985,Melissa Ross,062-07-8155,"6161 Ramirez Ferry Suite 591
Port Christopherview, PA 45872",N,hours
986,Luis Young,102-74-7109,"6820 Singh Stream
Lake Josephside, NM 06412",N,miles
987,Brandon Gonzalez,687-14-0848,"PSC 5821, Box 9102
APO AE 46020",N,hours
988,Dawn Thompson,306-30-1351,"0921 Lawson Street Suite 711
East Veronicastad, KS 18512",N,hours
989,Robert Walton,669-91-1881,"0316 Rodriguez Corners
New Crystal, HI 60155",Y,miles
990,Randall Vaughn,764-28-4916,"8167 Colin Highway Suite 402
South Richardton, NC 37000",N,hours
991,Tiffany Espinoza,529-72-3990,"USCGC Hodge
FPO AE 82539",Y,hours
992,Angela Gordon,128-72-9405,"525 Gregory Course
East Patriciaton, SD 75344",Y,hours
993,Jennifer Hall,687-34-1844,"027 Bautista Prairie Suite 142
East Gary, IN 14808",Y,miles
994,Michele Cook,343-77-1836,"01994 Paul Heights
Nashside, SC 46139",Y,miles
995,Kathy Garcia,337-69-9461,"476 Nicole Avenue Suite 755
Port James, NM 72838",Y,hours
996,Hannah Luna,381-77-1260,"08275 Chapman Club Suite 399
East Ronaldmouth, IN 31655",N,miles
997,Jennifer Cunningham,094-36-4528,"36938 David Passage Suite 889
Lake Jeffrey, MO 28854",Y,hours
998,Peter Stephens,044-08-7354,"84210 Molina Groves Suite 113
East Michelleview, AZ 48137",Y,hours
999,Christina Ramos,096-04-8592,"5745 Delgado Highway Suite 619
Maldonadoborough, UT 31793",Y,hours
1000,Robert Cross,812-16-2394,"92585 Ritter Camp Suite 809
Carlosshire, WV 69911",N,hours
1001,Breanna Delgado,706-94-9774,"2551 Jason Plaza Suite 257
East Carlosland, OK 79135",N,miles
1002,Ellen Francis,517-08-5129,"75069 Lutz Pines Suite 007
South Raymondside, NJ 39339",Y,miles
1003,Sara Travis,737-96-5083,"8423 Rebecca Tunnel
North Michele, WY 48546",Y,hours
1004,Nicholas Rowe,746-60-9286,"66294 Veronica Falls
Lake Jennifer, KY 12799",N,miles
1005,Jacob Watson,776-20-2641,"4263 Brown Village
Stevenmouth, NJ 85088",Y,hours
1006,Amanda Carson,185-77-1709,"Unit 6589 Box 2043
DPO AE 20129",Y,miles
1007,Jonathan Miller,801-61-0218,"11902 Lauren Neck
Carrillobury, AS 63071",Y,hours
1008,Brittney Fowler,458-93-9761,"21942 Everett Ridges Apt. 462
Fredport, NC 35120",Y,hours
1009,Connie Hatfield,135-36-8258,"937 Kathy Stravenue
Port Jamie, IA 25074",N,miles
